Date,^DJI,^FCHI,^FTSE,^GSPC,^HSI,^IXIC,^N225,^STOXX50E
2023-09-25,34006.87890625,7123.8798828125,7624.0,4337.43994140625,17729.2890625,13271.3203125,32678.619140625,4167.3701171875
2023-09-26,33618.87890625,7074.02001953125,7625.7001953125,4273.52978515625,17466.900390625,13063.6103515625,32315.05078125,4129.18017578125
2023-09-27,33550.26953125,7071.7900390625,7593.2001953125,4274.509765625,17611.869140625,13092.849609375,32371.900390625,4131.68017578125
2023-09-28,33666.33984375,7116.240234375,7601.89990234375,4299.7001953125,17373.029296875,13201.2802734375,31872.51953125,4161.56005859375
2023-09-29,33507.5,7135.06005859375,7608.10009765625,4288.0498046875,17809.66015625,13219.3203125,31857.619140625,4174.66015625
2023-10-02,33433.3515625,7068.16015625,7510.7001953125,4288.39013671875,,13307.76953125,31759.880859375,4137.6298828125
2023-10-03,33002.37890625,6997.0498046875,7470.2001953125,4229.4501953125,17331.220703125,13059.4697265625,31237.939453125,4095.590087890625
2023-10-04,33129.55078125,6996.72998046875,7412.5,4263.75,17195.83984375,13236.009765625,30526.880859375,4099.85009765625
2023-10-05,33119.5703125,6998.25,7451.5,4258.18994140625,17213.869140625,13219.830078125,31075.359375,4099.81005859375
2023-10-06,33407.578125,7060.14990234375,7494.60009765625,4308.5,17485.98046875,13431.33984375,30994.669921875,4144.43017578125
2023-10-09,33604.6484375,7021.39990234375,7492.2001953125,4335.66015625,17517.400390625,13484.240234375,,4112.56982421875
2023-10-10,33739.30078125,7162.43017578125,7628.2001953125,4358.240234375,17664.73046875,13562.83984375,31746.529296875,4205.22998046875
2023-10-11,33804.87109375,7131.2099609375,7620.0,4376.9501953125,17893.099609375,13659.6796875,31936.509765625,4200.7998046875
2023-10-12,33631.140625,7104.52978515625,7644.7998046875,4349.60986328125,18238.2109375,13574.2197265625,32494.66015625,4198.22998046875
2023-10-13,33670.2890625,7003.52978515625,7599.60009765625,4327.77978515625,17813.44921875,13407.23046875,32315.990234375,4136.1201171875
2023-10-16,33984.5390625,7022.18994140625,7630.60009765625,4373.6298828125,17640.359375,13567.98046875,31659.029296875,4149.85986328125
2023-10-17,33997.6484375,7029.7001953125,7675.2001953125,4373.2001953125,17773.33984375,13533.75,32040.2890625,4152.31982421875
2023-10-18,33665.078125,6965.990234375,7588.0,4314.60009765625,17732.51953125,13314.2998046875,32042.25,4105.85986328125
2023-10-19,33414.171875,6921.3701171875,7499.5,4278.0,17295.890625,13186.1796875,31430.619140625,4090.330078125
2023-10-20,33127.28125,6816.22021484375,7402.10009765625,4224.16015625,17172.130859375,12983.8095703125,31259.359375,4024.679931640625
2023-10-23,32936.41015625,6850.47021484375,7374.7998046875,4217.0400390625,,13018.330078125,30999.55078125,4041.75
2023-10-24,33141.37890625,6893.64990234375,7389.7001953125,4247.68017578125,16991.529296875,13139.8701171875,31062.349609375,4065.3701171875
2023-10-25,33035.9296875,6915.06982421875,7414.2998046875,4186.77001953125,17085.330078125,12821.2197265625,31269.919921875,4073.35009765625
2023-10-26,32784.30078125,6888.9599609375,7354.60009765625,4137.22998046875,17044.609375,12595.6103515625,30601.779296875,4049.39990234375
2023-10-27,32417.58984375,6795.3798828125,7291.2998046875,4117.3701171875,17398.73046875,12643.009765625,30991.689453125,4014.360107421875
2023-10-30,32928.9609375,6825.06982421875,7327.39990234375,4166.81982421875,17406.359375,12789.48046875,30696.9609375,4028.320068359375
2023-10-31,33052.87109375,6885.64990234375,7321.7001953125,4193.7998046875,17112.48046875,12851.240234375,30858.849609375,4061.1201171875
2023-11-01,33274.578125,6932.6298828125,7342.39990234375,4237.85986328125,17101.779296875,13061.4697265625,31601.650390625,4091.7099609375
2023-11-02,33839.078125,7060.68994140625,7446.5,4317.77978515625,17230.58984375,13294.1904296875,31949.890625,4169.6201171875
2023-11-03,34061.3203125,7047.5,7417.7001953125,4358.33984375,17664.119140625,13478.2802734375,,4174.669921875
2023-11-06,34095.859375,7013.72998046875,7417.7998046875,4365.97998046875,17966.58984375,13518.7802734375,32708.48046875,4158.64013671875
2023-11-07,34152.6015625,6986.22998046875,7410.0,4378.3798828125,17670.16015625,13639.8603515625,32271.8203125,4153.3701171875
2023-11-08,34112.26953125,7034.16015625,7401.7001953125,4382.77978515625,17568.4609375,13650.41015625,32166.48046875,4178.490234375
2023-11-09,33891.94140625,7113.66015625,7455.7001953125,4347.35009765625,17511.2890625,13521.4501953125,32646.4609375,4229.2001953125
2023-11-10,34283.1015625,7045.0400390625,7360.60009765625,4415.240234375,17203.259765625,13798.1103515625,32568.109375,4197.35986328125
2023-11-13,34337.87109375,7087.06005859375,7425.7998046875,4411.5498046875,17426.2109375,13767.740234375,32585.109375,4232.18994140625
2023-11-14,34827.69921875,7185.68017578125,7440.5,4495.7001953125,17396.859375,14094.3798828125,32695.9296875,4291.72021484375
2023-11-15,34991.2109375,7209.60986328125,7486.89990234375,4502.8798828125,18079.0,14103.83984375,33519.69921875,4315.52978515625
2023-11-16,34945.46875,7168.39990234375,7411.0,4508.240234375,17832.8203125,14113.669921875,33424.41015625,4302.4501953125
2023-11-17,34947.28125,7233.91015625,7504.2998046875,4514.02001953125,17454.189453125,14125.48046875,33585.19921875,4340.77001953125
2023-11-20,35151.0390625,7246.93017578125,7496.39990234375,4547.3798828125,17778.0703125,14284.5302734375,33388.03125,4342.41015625
2023-11-21,35088.2890625,7229.4501953125,7482.0,4538.18994140625,17733.890625,14199.98046875,33354.140625,4331.89990234375
2023-11-22,35273.03125,7260.72998046875,7469.5,4556.6201171875,17734.599609375,14265.8603515625,33451.828125,4352.02001953125
2023-11-23,,7277.93017578125,7483.60009765625,,17910.83984375,,,4361.31982421875
2023-11-24,35390.1484375,7292.7998046875,7488.2001953125,4559.33984375,17559.419921875,14250.849609375,33625.53125,4372.10009765625
2023-11-27,35333.46875,7265.490234375,7460.7001953125,4550.43017578125,17525.060546875,14241.01953125,33447.671875,4354.41015625
2023-11-28,35416.98046875,7250.1298828125,7455.2001953125,4554.89013671875,17354.140625,14281.759765625,33408.390625,4348.02001953125
2023-11-29,35430.421875,7267.64013671875,7423.5,4550.580078125,16993.439453125,14258.490234375,33321.21875,4370.52978515625
2023-11-30,35950.890625,7310.77001953125,7453.7998046875,4567.7998046875,17042.880859375,14226.2197265625,33486.890625,4382.47021484375
2023-12-01,36245.5,7346.14990234375,7529.39990234375,4594.6298828125,16830.30078125,14305.0302734375,33431.51171875,4418.509765625
2023-12-04,36204.44140625,7332.58984375,7513.0,4569.77978515625,16646.05078125,14185.490234375,33231.26953125,4414.9501953125
2023-12-05,36124.55859375,7386.990234375,7489.7998046875,4567.18017578125,16327.8603515625,14229.91015625,32775.8203125,4452.77001953125
2023-12-06,36054.4296875,7435.990234375,7515.39990234375,4549.33984375,16463.259765625,14146.7099609375,33445.8984375,4483.259765625
2023-12-07,36117.37890625,7428.52001953125,7513.7001953125,4585.58984375,16345.8896484375,14339.990234375,32858.30859375,4473.77001953125
2023-12-08,36247.87109375,7526.5498046875,7554.5,4604.3701171875,16334.3701171875,14403.9697265625,32307.859375,4523.31005859375
2023-12-11,36404.9296875,7551.52978515625,7544.89990234375,4622.43994140625,16201.490234375,14432.490234375,32791.80078125,4540.18994140625
2023-12-12,36577.94140625,7543.5498046875,7542.7998046875,4643.7001953125,16374.5,14533.400390625,32843.69921875,4536.60986328125
2023-12-13,37090.23828125,7531.22021484375,7548.39990234375,4707.08984375,16228.75,14733.9599609375,32926.3515625,4530.18994140625
2023-12-14,37248.3515625,7575.85009765625,7649.0,4719.5498046875,16402.189453125,14761.5595703125,32686.25,4539.16015625
2023-12-15,37305.16015625,7596.91015625,7576.39990234375,4719.18994140625,16792.189453125,14813.919921875,32970.55078125,4549.43994140625
2023-12-18,37306.01953125,7568.85986328125,7614.5,4740.56005859375,16629.23046875,14904.8095703125,32758.98046875,4521.1298828125
2023-12-19,37557.921875,7574.669921875,7638.0,4768.3701171875,16505.0,15003.2197265625,33219.390625,4535.39990234375
2023-12-20,37082.0,7583.43017578125,7715.7001953125,4698.35009765625,16613.810546875,14777.9404296875,33675.94140625,4533.81982421875
2023-12-21,37404.3515625,7571.39990234375,7694.7001953125,4746.75,16621.130859375,14963.8701171875,33140.46875,4524.85986328125
2023-12-22,37385.96875,7568.81982421875,7697.5,4754.6298828125,16340.41015625,14992.9697265625,33169.05078125,4521.47021484375
2023-12-25,,,,,,,33254.03125,
2023-12-26,37545.328125,,,4774.75,,15074.5703125,33305.8515625,
2023-12-27,37656.51953125,7571.81982421875,7725.0,4781.580078125,16624.83984375,15099.1796875,33681.23828125,4528.3798828125
2023-12-28,37710.1015625,7535.16015625,7722.7001953125,4783.35009765625,17043.529296875,15095.1396484375,33539.62109375,4514.3798828125
2023-12-29,37689.5390625,7543.18017578125,7733.2001953125,4769.830078125,17047.390625,15011.349609375,33464.171875,4521.64990234375
2024-01-02,37715.0390625,7530.85986328125,7721.5,4742.830078125,16788.55078125,14765.9404296875,,
2024-01-03,37430.19140625,7411.85986328125,7682.2998046875,4704.81005859375,16646.41015625,14592.2099609375,,4448.1298828125
2024-01-04,37440.33984375,7450.6298828125,7723.10009765625,4688.68017578125,16645.98046875,14510.2998046875,33288.2890625,4474.009765625
2024-01-05,37466.109375,7420.68994140625,7689.60009765625,4697.240234375,16535.330078125,14524.0703125,33377.421875,4463.509765625
2024-01-08,37683.01171875,7450.240234375,7694.2001953125,4763.5400390625,16224.4501953125,14843.76953125,,4485.47998046875
2024-01-09,37525.16015625,7426.6201171875,7684.0,4756.5,16190.01953125,14857.7099609375,33763.1796875,4467.169921875
2024-01-10,37695.73046875,7426.080078125,7651.7998046875,4783.4501953125,16097.2802734375,14969.650390625,34441.71875,4468.97998046875
2024-01-11,37711.01953125,7387.6201171875,7576.60009765625,4780.240234375,16302.0400390625,14970.1904296875,35049.859375,4442.27978515625
2024-01-12,37592.98046875,7465.14013671875,7624.89990234375,4783.830078125,16244.580078125,14972.759765625,35577.109375,4480.02001953125
2024-01-15,,7411.68017578125,7594.89990234375,,16216.330078125,,35901.7890625,4454.68017578125
2024-01-16,37361.12109375,7398.0,7558.2998046875,4765.97998046875,15865.919921875,14944.349609375,35619.1796875,4446.509765625
2024-01-17,37266.671875,7318.68994140625,7446.2998046875,4739.2099609375,15276.900390625,14855.6201171875,35477.75,4403.080078125
2024-01-18,37468.609375,7401.35009765625,7459.10009765625,4780.93994140625,15391.7900390625,15055.650390625,35466.171875,4453.0498046875
2024-01-19,37863.80078125,7371.64013671875,7461.89990234375,4839.81005859375,15308.6904296875,15310.9697265625,35963.26953125,4448.830078125
2024-01-22,38001.80859375,7413.25,7487.7001953125,4850.43017578125,14961.1796875,15360.2900390625,36546.94921875,4480.31982421875
2024-01-23,37905.44921875,7388.0400390625,7485.7001953125,4864.60009765625,15353.98046875,15425.9404296875,36517.5703125,4465.91015625
2024-01-24,37806.390625,7455.64013671875,7527.7001953125,4868.5498046875,15899.8701171875,15481.919921875,36226.48046875,4564.10986328125
2024-01-25,38049.12890625,7464.2001953125,7529.7001953125,4894.16015625,16211.9599609375,15510.5,36236.46875,4582.259765625
2024-01-26,38109.4296875,7634.14013671875,7635.10009765625,4890.97021484375,15952.23046875,15455.3603515625,35751.0703125,4635.47021484375
2024-01-29,38333.44921875,7640.81005859375,7632.7001953125,4927.93017578125,16077.240234375,15628.0400390625,36026.94140625,4639.35986328125
2024-01-30,38467.30859375,7677.47021484375,7666.2998046875,4924.97021484375,15703.4501953125,15509.900390625,36065.859375,4662.7001953125
2024-01-31,38150.30078125,7656.75,7630.60009765625,4845.64990234375,15485.0703125,15164.009765625,36286.7109375,4648.39990234375
2024-02-01,38519.83984375,7588.75,7622.2001953125,4906.18994140625,15566.2099609375,15361.6396484375,36011.4609375,4638.60009765625
2024-02-02,38654.421875,7592.259765625,7615.5,4958.60986328125,15533.5595703125,15628.9501953125,36158.01953125,4654.5498046875
2024-02-05,38380.12109375,7589.9599609375,7612.89990234375,4942.81005859375,15510.009765625,15597.6796875,36354.16015625,4655.27001953125
2024-02-06,38521.359375,7638.97021484375,7681.0,4954.22998046875,16136.8701171875,15609.0,36160.66015625,4690.8701171875
2024-02-07,38677.359375,7611.259765625,7628.7998046875,4995.06005859375,16081.8896484375,15756.6396484375,36119.921875,4678.85009765625
2024-02-08,38726.328125,7665.6298828125,7595.5,4997.91015625,15878.0703125,15793.7099609375,36863.28125,4710.77978515625
2024-02-09,38671.69140625,7647.52001953125,7572.60009765625,5026.60986328125,15746.580078125,15990.66015625,36897.421875,4715.8701171875
2024-02-12,38797.37890625,7689.7998046875,7573.7001953125,5021.83984375,,15942.5498046875,,4746.35009765625
2024-02-13,38272.75,7625.31005859375,7512.2998046875,4953.169921875,,15655.599609375,37963.96875,4689.27978515625
2024-02-14,38424.26953125,7677.35009765625,7568.39990234375,5000.6201171875,15879.3798828125,15859.150390625,37703.3203125,4709.22021484375
2024-02-15,38773.12109375,7743.419921875,7597.5,5029.72998046875,15944.6298828125,15906.169921875,38157.94140625,4743.169921875
2024-02-16,38627.98828125,7768.18017578125,7711.7001953125,5005.56982421875,16339.9599609375,15775.650390625,38487.23828125,4765.64990234375
2024-02-19,,7768.5498046875,7728.5,,16155.6103515625,,38470.37890625,4763.06982421875
2024-02-20,38563.80078125,7795.22021484375,7719.2001953125,4975.509765625,16247.509765625,15630.7802734375,38363.609375,4760.27978515625
2024-02-21,38612.23828125,7812.08984375,7662.5,4981.7998046875,16503.099609375,15580.8701171875,38262.16015625,4775.31005859375
2024-02-22,39069.109375,7911.60009765625,7684.5,5087.02978515625,16742.94921875,16041.6201171875,39098.6796875,4855.35986328125
2024-02-23,39131.53125,7966.68017578125,7706.2998046875,5088.7998046875,16725.859375,15996.8203125,,4872.56982421875
2024-02-26,39069.23046875,7929.81982421875,7684.2998046875,5069.52978515625,16634.740234375,15976.25,39233.7109375,4864.2900390625
2024-02-27,38972.41015625,7948.39990234375,7683.0,5078.18017578125,16790.80078125,16035.2998046875,39239.51953125,4885.740234375
2024-02-28,38949.01953125,7954.39013671875,7625.0,5069.759765625,16536.849609375,15947.740234375,39208.03125,4883.77001953125
2024-02-29,38996.390625,7927.43017578125,7630.0,5096.27001953125,16511.439453125,16091.919921875,39166.19140625,4877.77001953125
2024-03-01,39087.37890625,7934.169921875,7682.5,5137.080078125,16589.439453125,16274.9404296875,39910.8203125,4894.85986328125
2024-03-04,38989.828125,7956.41015625,7640.2998046875,5130.9501953125,16595.970703125,16207.509765625,40109.23046875,4912.919921875
2024-03-05,38585.19140625,7932.81982421875,7646.2001953125,5078.64990234375,16162.6396484375,15939.58984375,40097.62890625,4893.06982421875
2024-03-06,38661.05078125,7954.740234375,7679.2998046875,5104.759765625,16438.08984375,16031.5400390625,40090.78125,4915.490234375
2024-03-07,38791.3515625,8016.22021484375,7692.5,5157.35986328125,16229.7802734375,16273.3798828125,39598.7109375,4974.22021484375
2024-03-08,38722.69140625,8028.009765625,7659.7001953125,5123.68994140625,16353.3896484375,16085.1103515625,39688.94140625,4961.10986328125
2024-03-11,38769.66015625,8019.72998046875,7669.2001953125,5117.93994140625,16587.5703125,16019.26953125,38820.48828125,4930.419921875
2024-03-12,39005.48828125,8087.47998046875,7747.7998046875,5175.27001953125,17093.5,16265.6396484375,38797.51171875,4983.2001953125
2024-03-13,39043.3203125,8137.580078125,7772.2001953125,5165.31005859375,17082.109375,16177.76953125,38695.96875,5000.5498046875
2024-03-14,38905.66015625,8161.419921875,7743.2001953125,5150.47998046875,16961.66015625,16128.5302734375,38807.37890625,4993.1201171875
2024-03-15,38714.76953125,8164.35009765625,7727.39990234375,5117.08984375,16720.890625,15973.169921875,38707.640625,4986.02001953125
2024-03-18,38790.4296875,8148.14013671875,7722.60009765625,5149.419921875,16737.119140625,16103.4501953125,39740.44140625,4982.759765625
2024-03-19,39110.76171875,8201.0498046875,7738.2998046875,5178.509765625,16529.48046875,16166.7900390625,40003.6015625,5007.919921875
2024-03-20,39512.12890625,8161.41015625,7737.39990234375,5224.6201171875,16543.0703125,16369.41015625,,5000.31005859375
2024-03-21,39781.37109375,8179.72021484375,7882.60009765625,5241.52978515625,16863.099609375,16401.83984375,40815.66015625,5052.31005859375
2024-03-22,39475.8984375,8151.919921875,7930.89990234375,5234.18017578125,16499.470703125,16428.8203125,40888.4296875,5031.14990234375
2024-03-25,39313.640625,8151.60009765625,7917.60009765625,5218.18994140625,16473.640625,16384.470703125,40414.12109375,5044.18994140625
2024-03-26,39282.328125,8184.75,7931.0,5203.580078125,16618.3203125,16315.7001953125,40398.03125,5064.18017578125
2024-03-27,39760.078125,8204.8095703125,7932.0,5248.490234375,16392.83984375,16399.51953125,40762.73046875,5081.740234375
2024-03-28,39807.37109375,8205.8095703125,7952.60009765625,5254.35009765625,16541.419921875,16379.4599609375,40168.0703125,5083.419921875
2024-03-29,,,,,,,40369.44140625,
2024-04-01,39566.8515625,,,5243.77001953125,,16396.830078125,39803.08984375,
2024-04-02,39170.23828125,8130.0498046875,7935.10009765625,5205.81005859375,16931.51953125,16240.4501953125,39838.91015625,5042.0
2024-04-03,39127.140625,8153.22998046875,7937.39990234375,5211.490234375,16725.099609375,16277.4599609375,39451.8515625,5069.25
2024-04-04,38596.98046875,8151.5498046875,7975.89990234375,5147.2099609375,,16049.080078125,39773.140625,5070.759765625
2024-04-05,38904.0390625,8061.31005859375,7911.2001953125,5204.33984375,16723.919921875,16248.51953125,38992.078125,5014.75
2024-04-08,38892.80078125,8119.2998046875,7943.5,5202.39013671875,16732.849609375,16253.9599609375,39347.0390625,5046.0498046875
2024-04-09,38883.671875,8049.169921875,7934.7998046875,5209.91015625,16828.0703125,16306.6396484375,39773.12890625,4990.89990234375
2024-04-10,38461.51171875,8045.3798828125,7961.2001953125,5160.64013671875,17139.169921875,16170.3603515625,39581.80859375,5000.830078125
2024-04-11,38459.078125,8023.740234375,7923.7998046875,5199.06005859375,17095.029296875,16442.19921875,39442.62890625,4966.68017578125
2024-04-12,37983.23828125,8010.830078125,7995.60009765625,5123.41015625,16721.689453125,16175.08984375,39523.55078125,4955.009765625
2024-04-15,37735.109375,8045.10986328125,7965.5,5061.81982421875,16600.4609375,15885.01953125,39232.80078125,4984.47998046875
2024-04-16,37798.96875,7932.60986328125,7820.39990234375,5051.41015625,16248.9697265625,15865.25,38471.19921875,4916.990234375
2024-04-17,37753.30859375,7981.509765625,7848.0,5022.2099609375,16251.83984375,15683.3701171875,37961.80078125,4914.1298828125
2024-04-18,37775.37890625,8023.259765625,7877.10009765625,5011.1201171875,16385.869140625,15601.5,38079.69921875,4936.56982421875
2024-04-19,37986.3984375,8022.41015625,7895.89990234375,4967.22998046875,16224.1396484375,15282.009765625,37068.3515625,4918.08984375
2024-04-22,38239.98046875,8040.35986328125,8023.89990234375,5010.60009765625,16511.689453125,15451.3095703125,37438.609375,4936.85009765625
2024-04-23,38503.69140625,8105.77978515625,8044.7998046875,5070.5498046875,16828.9296875,15696.6396484375,37552.16015625,5008.169921875
2024-04-24,38460.921875,8091.85986328125,8040.39990234375,5071.6298828125,17201.26953125,15712.75,38460.078125,4989.8798828125
2024-04-25,38085.80078125,8016.64990234375,8078.89990234375,5048.419921875,17284.5390625,15611.759765625,37628.48046875,4939.009765625
2024-04-26,38239.66015625,8088.240234375,8139.7998046875,5099.9599609375,17651.150390625,15927.900390625,37934.76171875,5006.85009765625
2024-04-29,38386.08984375,8065.14990234375,8147.0,5116.169921875,17746.91015625,15983.080078125,,4981.08984375
2024-04-30,37815.921875,7984.93017578125,8144.10009765625,5035.68994140625,17763.029296875,15657.8203125,38405.66015625,4921.22021484375
2024-05-01,37903.2890625,,8121.2001953125,5018.39013671875,,15605.48046875,38274.05078125,
2024-05-02,38225.66015625,7914.64990234375,8172.2001953125,5064.2001953125,18207.130859375,15840.9599609375,38236.0703125,4890.60986328125
2024-05-03,38675.6796875,7957.56982421875,8213.5,5127.7900390625,18475.919921875,16156.330078125,,4921.47998046875
2024-05-06,38852.26953125,7996.64013671875,,5180.740234375,18578.30078125,16349.25,,4956.9599609375
2024-05-07,38884.26171875,8075.68017578125,8313.7001953125,5187.7001953125,18479.369140625,16332.5595703125,38835.1015625,5016.10009765625
2024-05-08,39056.390625,8131.41015625,8354.099609375,5187.669921875,18313.859375,16302.759765625,38202.37109375,5038.169921875
2024-05-09,39387.76171875,8187.64990234375,8381.400390625,5214.080078125,18537.810546875,16346.259765625,38073.98046875,
2024-05-10,39512.83984375,8219.1396484375,8433.7998046875,5222.68017578125,18963.6796875,16340.8701171875,38229.109375,5085.080078125
2024-05-13,39431.51171875,8209.2802734375,8415.0,5221.419921875,19115.060546875,16388.240234375,38179.4609375,5078.9599609375
2024-05-14,39558.109375,8225.7998046875,8428.099609375,5246.68017578125,19073.7109375,16511.1796875,38356.05859375,5080.2900390625
2024-05-15,39908.0,8239.990234375,8445.7998046875,5308.14990234375,,16742.390625,38385.73046875,5100.89990234375
2024-05-16,39869.37890625,8188.490234375,8438.7001953125,5297.10009765625,19376.529296875,16698.3203125,38920.26171875,5072.4501953125
2024-05-17,40003.58984375,8167.5,8420.2998046875,5303.27001953125,19553.609375,16685.970703125,38787.37890625,5064.14013671875
2024-05-20,39806.76953125,8195.9697265625,8424.2001953125,5308.1298828125,19636.220703125,16794.869140625,39069.6796875,
2024-05-21,39872.98828125,8141.4599609375,8416.5,5321.41015625,19220.619140625,16832.619140625,38946.9296875,5046.990234375
2024-05-22,39671.0390625,8092.10986328125,8370.2998046875,5307.009765625,19195.599609375,16801.5390625,38617.1015625,5025.169921875
2024-05-23,39065.26171875,8102.330078125,8339.2001953125,5267.83984375,18868.7109375,16736.029296875,39103.21875,5037.60009765625
2024-05-24,39069.58984375,8094.97021484375,8317.599609375,5304.72021484375,18608.939453125,16920.7890625,38646.109375,5035.41015625
2024-05-27,,8132.490234375,,,18827.349609375,,38900.01953125,5059.2001953125
2024-05-28,38852.859375,8057.7998046875,8254.2001953125,5306.0400390625,18821.16015625,17019.880859375,38855.37109375,5030.35009765625
2024-05-29,38441.5390625,7935.02978515625,8183.10009765625,5266.9501953125,18477.009765625,16920.580078125,38556.87109375,4963.2001953125
2024-05-30,38111.48046875,7978.509765625,8231.099609375,5235.47998046875,18230.189453125,16737.080078125,38054.12890625,4982.18017578125
2024-05-31,38686.3203125,7992.8701171875,8275.400390625,5277.509765625,18079.609375,16735.01953125,38487.8984375,4983.669921875
2024-06-03,38571.03125,7998.02001953125,8262.7998046875,5283.39990234375,18403.0390625,16828.669921875,38923.03125,5003.5400390625
2024-06-04,38711.2890625,7937.89990234375,8232.0,5291.33984375,18444.109375,16857.05078125,38837.4609375,4953.3701171875
2024-06-05,38807.328125,8006.56982421875,8247.0,5354.02978515625,18424.9609375,17187.900390625,38490.171875,5035.66015625
2024-06-06,38886.171875,8040.1201171875,8285.2998046875,5352.9599609375,18476.80078125,17173.119140625,38703.51171875,5069.08984375
2024-06-07,38798.98828125,8001.7998046875,8245.400390625,5346.990234375,18366.94921875,17133.130859375,38683.9296875,5051.31005859375
2024-06-10,38868.0390625,7893.97998046875,8228.5,5360.7900390625,,17192.529296875,39038.16015625,5016.47998046875
2024-06-11,38747.421875,7789.2099609375,8147.7998046875,5375.31982421875,18176.33984375,17343.55078125,39134.7890625,4965.08984375
2024-06-12,38712.2109375,7864.7001953125,8215.5,5421.02978515625,17937.83984375,17608.439453125,38876.7109375,5034.43017578125
2024-06-13,38647.1015625,7708.02001953125,8163.7001953125,5433.740234375,18112.630859375,17667.560546875,38720.46875,4935.5
2024-06-14,38589.16015625,7503.27001953125,8146.89990234375,5431.60009765625,17941.779296875,17688.880859375,38814.55859375,4839.14013671875
2024-06-17,38778.1015625,7571.56982421875,8142.2001953125,5473.22998046875,17936.119140625,17857.01953125,38102.44140625,4880.419921875
2024-06-18,38834.859375,7628.7998046875,8191.2998046875,5487.02978515625,17915.55078125,17862.23046875,38482.109375,4915.47021484375
2024-06-19,,7570.2001953125,8205.099609375,,18430.390625,,38570.76171875,4885.4501953125
2024-06-20,39134.76171875,7671.33984375,8272.5,5473.169921875,18335.3203125,17721.58984375,38633.01953125,4947.72998046875
2024-06-21,39150.328125,7628.56982421875,8237.7001953125,5464.6201171875,18028.51953125,17689.359375,38596.46875,4907.2998046875
2024-06-24,39411.2109375,7706.89013671875,8281.599609375,5447.8701171875,18027.7109375,17496.8203125,38804.6484375,4950.97998046875
2024-06-25,39112.16015625,7662.2998046875,8247.7998046875,5469.2998046875,18072.900390625,17717.650390625,39173.1484375,4935.97021484375
2024-06-26,39127.80078125,7609.14990234375,8225.2998046875,5477.89990234375,18089.9296875,17805.16015625,39667.0703125,4915.93994140625
2024-06-27,39164.05859375,7530.72021484375,8179.7001953125,5482.8701171875,17716.470703125,17858.6796875,39341.5390625,4902.60009765625
2024-06-28,39118.859375,7479.39990234375,8164.10009765625,5460.47998046875,17718.609375,17732.599609375,39583.078125,4894.02001953125
2024-07-01,39169.51953125,7561.1298828125,8166.7998046875,5475.08984375,,17879.30078125,39631.05859375,4929.990234375
2024-07-02,39331.8515625,7538.2900390625,8121.2001953125,5509.009765625,17769.140625,18028.759765625,40074.69140625,4906.330078125
2024-07-03,39308.0,7632.080078125,8171.10009765625,5537.02001953125,17978.5703125,18188.30078125,40580.76171875,4965.7998046875
2024-07-04,,7695.77978515625,8241.2998046875,,18028.279296875,,40913.6484375,4987.47998046875
2024-07-05,39375.87109375,7675.6201171875,8203.900390625,5567.18994140625,17799.609375,18352.759765625,40912.37109375,4979.39013671875
2024-07-08,39344.7890625,7627.4501953125,8193.5,5572.85009765625,17524.060546875,18403.740234375,40780.69921875,4969.830078125
2024-07-09,39291.96875,7508.66015625,8139.7998046875,5576.97998046875,17523.23046875,18429.2890625,41580.171875,4903.6201171875
2024-07-10,39721.359375,7573.5498046875,8193.5,5633.91015625,17471.669921875,18647.44921875,41831.98828125,4958.85986328125
2024-07-11,39753.75,7627.1298828125,8223.2998046875,5584.5400390625,17832.330078125,18283.41015625,42224.01953125,4976.1298828125
2024-07-12,40000.8984375,7724.31982421875,8252.900390625,5615.35009765625,18293.380859375,18398.44921875,41190.6796875,5043.02001953125
2024-07-15,40211.71875,7632.7099609375,8183.0,5631.22021484375,18015.939453125,18472.5703125,,4983.10986328125
2024-07-16,40954.48046875,7580.02978515625,8164.89990234375,5667.2001953125,17727.98046875,18509.33984375,41275.078125,4947.830078125
2024-07-17,41198.078125,7570.81005859375,8187.5,5588.27001953125,17739.41015625,17996.919921875,41097.69140625,4891.4599609375
2024-07-18,40665.01953125,7586.5498046875,8204.900390625,5544.58984375,17778.41015625,17871.220703125,40126.3515625,4870.1201171875
2024-07-19,40287.53125,7534.52001953125,8155.7001953125,5505.0,17417.6796875,17726.939453125,40063.7890625,4827.240234375
2024-07-22,40415.44140625,7622.02001953125,8198.7998046875,5564.41015625,17635.880859375,18007.5703125,39599.0,4897.43994140625
2024-07-23,40358.08984375,7598.6298828125,8167.39990234375,5555.740234375,17469.359375,17997.349609375,39594.390625,4916.7998046875
2024-07-24,39853.87109375,7513.72998046875,8153.7001953125,5427.1298828125,17311.05078125,17342.41015625,39154.8515625,4861.8701171875
2024-07-25,39935.0703125,7427.02001953125,8186.39990234375,5399.22021484375,17021.91015625,17181.720703125,37869.51171875,4811.27978515625
2024-07-26,40589.33984375,7517.68017578125,8285.7001953125,5459.10009765625,17021.310546875,17357.880859375,37667.41015625,4862.5
2024-07-29,40539.9296875,7443.83984375,8292.400390625,5463.5400390625,17238.33984375,17370.19921875,38468.62890625,4815.39013671875
2024-07-30,40743.328125,7474.93994140625,8274.400390625,5436.43994140625,17002.91015625,17147.419921875,38525.94921875,4841.0
2024-07-31,40842.7890625,7531.490234375,8368.0,5522.2998046875,17344.599609375,17599.400390625,39101.8203125,4872.93994140625
2024-08-01,40347.96875,7370.4501953125,8283.400390625,5446.68017578125,17304.9609375,17194.150390625,38126.328125,
2024-08-02,39737.26171875,7251.7998046875,8174.7001953125,5346.56005859375,16945.509765625,16776.16015625,35909.69921875,4638.7001953125
2024-08-05,38703.26953125,7148.990234375,8008.2001953125,5186.330078125,16698.359375,16200.080078125,31458.419921875,4571.60009765625
2024-08-06,38997.66015625,7130.0400390625,8026.7001953125,5240.02978515625,16647.33984375,16366.849609375,34675.4609375,4575.22021484375
2024-08-07,38763.44921875,7266.009765625,8166.89990234375,5199.5,16877.859375,16195.8095703125,35089.62109375,4668.06005859375
2024-08-08,39446.48828125,7247.4501953125,8145.0,5319.31005859375,16891.830078125,16660.01953125,34831.1484375,4668.740234375
2024-08-09,39497.5390625,7269.7099609375,8168.10009765625,5344.16015625,17090.23046875,16745.30078125,35025.0,4675.27978515625
2024-08-12,39357.01171875,7250.669921875,8210.2998046875,5344.39013671875,17111.650390625,16780.609375,,4671.8798828125
2024-08-13,39765.640625,7275.8701171875,8235.2001953125,5434.43017578125,17174.060546875,17187.609375,36232.51171875,4694.919921875
2024-08-14,40008.390625,7333.35986328125,8281.099609375,5455.2099609375,17113.359375,17192.599609375,36442.4296875,4727.60009765625
2024-08-15,40563.05859375,7423.3701171875,8347.400390625,5543.22021484375,17109.140625,17594.5,36726.640625,4807.77001953125
2024-08-16,40659.76171875,7449.7001953125,8311.400390625,5554.25,17430.16015625,17631.720703125,38062.671875,4840.52001953125
2024-08-19,40896.53125,7484.169921875,8356.900390625,5608.25,17569.5703125,17876.76953125,37388.62109375,4871.41015625
2024-08-20,40834.96875,7485.72998046875,8273.2998046875,5597.1201171875,17511.080078125,17816.939453125,38062.921875,4857.580078125
2024-08-21,40890.48828125,7524.72021484375,8283.400390625,5620.85009765625,17391.009765625,17918.990234375,37951.80078125,4885.27978515625
2024-08-22,40712.78125,7524.10986328125,8288.0,5570.64013671875,17641.0,17619.349609375,38211.01171875,4885.0
2024-08-23,41175.078125,7577.0400390625,8327.7998046875,5634.60986328125,17612.099609375,17877.7890625,38364.26953125,4909.2001953125
2024-08-26,41240.51953125,7590.3701171875,,5616.83984375,17798.73046875,17725.76953125,38110.21875,4896.68994140625
2024-08-27,41250.5,7565.77978515625,8345.5,5625.7998046875,17874.669921875,17754.8203125,38288.62109375,4898.77978515625
2024-08-28,41091.421875,7577.669921875,8343.900390625,5592.18017578125,17692.44921875,17556.029296875,38371.76171875,4913.02978515625
2024-08-29,41335.05078125,7640.9501953125,8379.599609375,5591.9599609375,17786.3203125,17516.4296875,38362.53125,4966.27001953125
2024-08-30,41563.078125,7630.9501953125,8376.599609375,5648.39990234375,17989.0703125,17713.619140625,38647.75,4957.97998046875
2024-09-02,,7646.419921875,8363.7998046875,,17691.970703125,,38700.87109375,4973.06982421875
2024-09-03,40936.9296875,7575.10009765625,8298.5,5528.93017578125,17651.490234375,17136.30078125,38686.30859375,4912.52001953125
2024-09-04,40974.96875,7500.97021484375,8269.599609375,5520.06982421875,17457.33984375,17084.30078125,37047.609375,4848.18017578125
2024-09-05,40755.75,7431.9599609375,8241.7001953125,5503.41015625,17444.30078125,17127.66015625,36657.08984375,4815.14990234375
2024-09-06,40345.41015625,7352.2998046875,8181.5,5408.419921875,,16690.830078125,36391.46875,4738.06005859375
2024-09-09,40829.58984375,7425.259765625,8270.7998046875,5471.0498046875,17196.9609375,16884.599609375,36215.75,4778.66015625
2024-09-10,40736.9609375,7407.5498046875,8206.0,5495.52001953125,17234.08984375,17025.880859375,36159.16015625,4747.2001953125
2024-09-11,40861.7109375,7396.830078125,8193.900390625,5554.1298828125,17108.7109375,17395.529296875,35619.76953125,4763.580078125
2024-09-12,41096.76953125,7435.06982421875,8241.0,5595.759765625,17240.390625,17569.6796875,36833.26953125,4814.080078125
2024-09-13,41393.78125,7465.25,8273.099609375,5626.02001953125,17369.08984375,17683.98046875,36581.76171875,4843.990234375
2024-09-16,41622.078125,7449.43994140625,8278.400390625,5633.08984375,17422.119140625,17592.130859375,,4827.6298828125
2024-09-17,41606.1796875,7487.419921875,8309.900390625,5634.580078125,17660.01953125,17628.060546875,36203.21875,4860.77978515625
2024-09-18,41503.1015625,7444.89990234375,8253.7001953125,5618.259765625,,17573.30078125,36380.171875,4835.2998046875
2024-09-19,42025.19140625,7615.41015625,8328.7001953125,5713.64013671875,18013.16015625,18013.98046875,37155.328125,4943.3798828125
2024-09-20,42063.359375,7500.259765625,8230.0,5702.5498046875,18258.5703125,17948.3203125,37723.91015625,4871.5400390625
2024-09-23,42124.6484375,7508.080078125,8259.7001953125,5718.56982421875,18247.109375,17974.26953125,,4885.56982421875
2024-09-24,42208.21875,7604.009765625,8282.7998046875,5732.93017578125,19000.560546875,18074.51953125,37940.58984375,4940.72021484375
2024-09-25,41914.75,7565.6201171875,8268.7001953125,5722.259765625,19129.099609375,18082.2109375,37870.26171875,4916.89013671875
2024-09-26,42175.109375,7742.08984375,8284.900390625,5745.3701171875,19924.580078125,18190.2890625,38925.62890625,5032.58984375
2024-09-27,42313.0,7791.7900390625,8320.7998046875,5738.169921875,20632.30078125,18119.58984375,39829.55859375,5067.4501953125
2024-09-30,42330.1484375,7635.75,8237.0,5762.47998046875,21133.6796875,18189.169921875,37919.55078125,5000.4501953125
2024-10-01,42156.96875,7574.06982421875,8276.7001953125,5708.75,,17910.359375,38651.96875,4954.14990234375
2024-10-02,42196.51953125,7577.58984375,8290.900390625,5709.5400390625,22443.73046875,17925.119140625,37808.76171875,4963.2900390625
2024-10-03,42011.58984375,7477.77978515625,8282.5,5699.93994140625,22113.509765625,17918.48046875,38552.05859375,4921.330078125
2024-10-04,42352.75,7541.35986328125,8280.599609375,5751.06982421875,22736.869140625,18137.849609375,38635.62109375,4954.93994140625
2024-10-07,41954.23828125,7576.02001953125,8303.599609375,5695.93994140625,23099.779296875,17923.900390625,39332.73828125,4969.7099609375
2024-10-08,42080.37109375,7521.31982421875,8190.60009765625,5751.1298828125,20926.7890625,18182.919921875,38937.5390625,4949.0
2024-10-09,42512.0,7560.08984375,8243.7001953125,5792.0400390625,20637.240234375,18291.619140625,39277.9609375,4982.56982421875
2024-10-10,42454.12109375,7541.58984375,8237.7001953125,5780.0498046875,21251.98046875,18282.05078125,39380.890625,4970.33984375
2024-10-11,42863.859375,7577.89013671875,8253.7001953125,5815.02978515625,,18342.939453125,39605.80078125,5003.919921875
2024-10-14,43065.21875,7602.06005859375,8292.7001953125,5859.85009765625,21092.869140625,18502.689453125,,5041.009765625
2024-10-15,42740.421875,7521.97021484375,8249.2998046875,5815.259765625,20318.7890625,18315.58984375,39910.55078125,4946.72998046875
2024-10-16,43077.69921875,7492.0,8329.099609375,5842.47021484375,20286.849609375,18367.080078125,39180.30078125,4908.7099609375
2024-10-17,43239.05078125,7583.72998046875,8385.099609375,5841.47021484375,20079.099609375,18373.609375,38911.19140625,4947.2998046875
2024-10-18,43275.91015625,7613.0498046875,8358.2998046875,5864.669921875,20804.109375,18489.55078125,38981.75,4986.27001953125
2024-10-21,42931.6015625,7536.22998046875,8318.2001953125,5853.97998046875,20478.4609375,18540.009765625,38954.6015625,4941.22021484375
2024-10-22,42924.890625,7535.10009765625,8306.5,5851.2001953125,20498.94921875,18579.76953125,38411.9609375,4939.31005859375
2024-10-23,42514.94921875,7497.47998046875,8258.599609375,5797.419921875,20760.150390625,18276.650390625,38104.859375,4922.5498046875
2024-10-24,42374.359375,7503.27978515625,8269.400390625,5809.85986328125,20489.619140625,18415.490234375,38143.2890625,4935.4501953125
2024-10-25,42114.3984375,7497.5400390625,8248.7998046875,5808.1201171875,20590.150390625,18518.609375,37913.921875,4943.08984375
2024-10-28,42387.5703125,7556.93994140625,8285.599609375,5823.52001953125,20599.359375,18567.189453125,38605.53125,4969.830078125
2024-10-29,42233.05078125,7511.10986328125,8219.599609375,5832.919921875,20701.140625,18712.75,38903.6796875,4950.02001953125
2024-10-30,42141.5390625,7428.35986328125,8159.60009765625,5813.669921875,20380.640625,18607.9296875,39277.390625,4885.75
2024-10-31,41763.4609375,7350.3701171875,8110.10009765625,5705.4501953125,20317.330078125,18095.150390625,39081.25,4827.6298828125
2024-11-01,42052.19140625,7409.10986328125,8177.2001953125,5728.7998046875,20506.4296875,18239.919921875,38053.671875,4877.75
2024-11-04,41794.6015625,7371.7099609375,8184.2001953125,5712.68994140625,20567.51953125,18179.98046875,,4852.10009765625
2024-11-05,42221.87890625,7407.14990234375,8172.39990234375,5782.759765625,21006.970703125,18439.169921875,38474.8984375,4870.330078125
2024-11-06,43729.9296875,7369.60986328125,8166.7001953125,5929.0400390625,20538.380859375,18983.470703125,39480.671875,4800.6298828125
2024-11-07,43729.33984375,7425.60009765625,8140.7001953125,5973.10009765625,20953.33984375,19269.4609375,39381.41015625,4851.9599609375
2024-11-08,43988.98828125,7338.669921875,8072.39990234375,5995.5400390625,20728.189453125,19286.779296875,39500.37109375,4802.759765625
2024-11-11,44293.12890625,7426.8798828125,8125.2001953125,6001.35009765625,20426.9296875,19298.759765625,39533.3203125,4854.02978515625
2024-11-12,43910.98046875,7226.97998046875,8025.7998046875,5983.990234375,19846.880859375,19281.400390625,39376.08984375,4744.68994140625
2024-11-13,43958.19140625,7216.830078125,8030.2998046875,5985.3798828125,19823.44921875,19230.720703125,38721.66015625,4740.33984375
2024-11-14,43750.859375,7311.7998046875,8071.2001953125,5949.169921875,19435.810546875,19107.650390625,38535.69921875,4833.52978515625
2024-11-15,43444.98828125,7269.6298828125,8063.60009765625,5870.6201171875,19426.33984375,18680.119140625,38642.91015625,4794.85009765625
2024-11-18,43389.6015625,7278.22998046875,8109.2998046875,5893.6201171875,19576.609375,18791.810546875,38220.8515625,4790.330078125
2024-11-19,43268.94140625,7229.64013671875,8099.0,5916.97998046875,19663.669921875,18987.470703125,38414.4296875,4751.22998046875
2024-11-20,43408.46875,7198.4501953125,8085.10009765625,5917.10986328125,19705.009765625,18966.140625,38352.33984375,4729.7099609375
2024-11-21,43870.3515625,7213.31982421875,8149.2998046875,5948.7099609375,19601.109375,18972.419921875,38026.171875,4755.830078125
2024-11-22,44296.51171875,7255.009765625,8262.099609375,5969.33984375,19229.970703125,19003.650390625,38283.8515625,4789.080078125
2024-11-25,44736.5703125,7257.47021484375,8291.7001953125,5987.3701171875,19150.990234375,19054.83984375,38780.140625,4799.8701171875
2024-11-26,44860.30859375,7194.509765625,8258.599609375,6021.6298828125,19159.19921875,19174.30078125,38442.0,4761.990234375
2024-11-27,44722.05859375,7143.02978515625,8274.7998046875,5998.740234375,19603.130859375,19060.48046875,38134.96875,4733.14990234375
2024-11-28,,7179.25,8281.2001953125,,19366.9609375,,38349.05859375,4758.64990234375
2024-11-29,44910.6484375,7235.10986328125,8287.2998046875,6032.3798828125,19423.609375,19218.169921875,38208.03125,4804.39990234375
2024-12-02,44782.0,7236.89013671875,8312.900390625,6047.14990234375,19550.2890625,19403.94921875,38513.01953125,4846.72998046875
2024-12-03,44705.53125,7255.419921875,8359.400390625,6049.8798828125,19746.3203125,19480.91015625,39248.859375,4878.509765625
2024-12-04,45014.0390625,7303.27978515625,8335.7998046875,6086.490234375,19742.4609375,19735.119140625,39276.390625,4919.02001953125
2024-12-05,44765.7109375,7330.5400390625,8349.400390625,6075.10986328125,19560.439453125,19700.259765625,39395.6015625,4951.580078125
2024-12-06,44642.51953125,7426.8798828125,8308.599609375,6090.27001953125,19865.849609375,19859.76953125,39091.171875,4977.77978515625
2024-12-09,44401.9296875,7480.14013671875,8352.099609375,6052.85009765625,20414.08984375,19736.689453125,39160.5,4985.4599609375
2024-12-10,44247.828125,7394.77978515625,8280.400390625,6034.91015625,20311.279296875,19687.240234375,39367.578125,4951.740234375
2024-12-11,44148.55859375,7423.39990234375,8301.599609375,6084.18994140625,20155.05078125,20034.890625,39372.23046875,4959.35009765625
2024-12-12,43914.12109375,7420.93994140625,8311.7998046875,6051.25,20397.05078125,19902.83984375,39849.140625,4965.52978515625
2024-12-13,43828.05859375,7409.56982421875,8300.2998046875,6051.08984375,19971.240234375,19926.720703125,39470.44140625,4967.9501953125
2024-12-16,43717.48046875,7357.080078125,8262.099609375,6074.080078125,19795.490234375,20173.890625,39457.48828125,4947.02978515625
2024-12-17,43449.8984375,7365.7001953125,8195.2001953125,6050.60986328125,19700.48046875,20109.060546875,39364.6796875,4942.580078125
2024-12-18,42326.87109375,7384.6201171875,8199.099609375,5872.16015625,19864.55078125,19392.689453125,39081.7109375,4957.27978515625
2024-12-19,42342.23828125,7294.3701171875,8105.2998046875,5867.080078125,19752.509765625,19372.76953125,38813.578125,4879.0
2024-12-20,42840.26171875,7274.47998046875,8084.60009765625,5930.85009765625,19720.69921875,19572.599609375,38701.8984375,4862.27978515625
2024-12-23,42906.94921875,7272.31982421875,8102.7001953125,5974.06982421875,19883.130859375,19764.880859375,39161.33984375,4852.93017578125
2024-12-24,43297.03125,7282.68994140625,8137.0,6040.0400390625,20098.2890625,20031.130859375,39036.8515625,
2024-12-25,,,,,,,39130.4296875,
2024-12-26,43325.80078125,,,6037.58984375,,20020.359375,39568.05859375,
2024-12-27,42992.2109375,7355.3701171875,8149.7998046875,5970.83984375,20090.4609375,19722.029296875,40281.16015625,4898.8798828125
2024-12-30,42573.73046875,7313.56005859375,8121.0,5906.93994140625,20041.419921875,19486.7890625,39894.5390625,4869.27978515625
2024-12-31,42544.21875,7380.740234375,8173.0,5881.6298828125,20059.94921875,19310.7890625,,
2025-01-02,42392.26953125,7393.759765625,8260.099609375,5868.5498046875,19623.3203125,19280.7890625,,
2025-01-03,42732.12890625,7282.22021484375,8224.0,5942.47021484375,19760.26953125,19621.6796875,,4871.4501953125
2025-01-06,42706.55859375,7445.68994140625,8249.7001953125,5975.3798828125,19688.2890625,19864.98046875,39307.05078125,4986.64013671875
2025-01-07,42528.359375,7489.35009765625,8245.2998046875,5909.02978515625,19447.580078125,19489.6796875,40083.30078125,5011.81982421875
2025-01-08,42635.19921875,7452.419921875,8251.0,5918.25,19279.83984375,19478.880859375,39981.05859375,4996.39013671875
2025-01-09,,7490.27978515625,8319.7001953125,,19240.890625,,39605.08984375,5017.91015625
2025-01-10,41938.44921875,7431.0400390625,8248.5,5827.0400390625,19064.2890625,19161.630859375,39190.3984375,4977.259765625
2025-01-13,42297.12109375,7408.64013671875,8224.2001953125,5836.22021484375,18874.140625,19088.099609375,,4954.2099609375
2025-01-14,42518.28125,7423.669921875,8201.5,5842.91015625,19219.779296875,19044.390625,38474.30078125,4980.47021484375
2025-01-15,43221.55078125,7474.58984375,8301.099609375,5949.91015625,19286.0703125,19511.23046875,38444.578125,5032.31005859375
2025-01-16,43153.12890625,7634.740234375,8391.900390625,5937.33984375,19522.890625,19338.2890625,38572.6015625,5106.93017578125
2025-01-17,43487.828125,7709.75,8505.2001953125,5996.66015625,19584.060546875,19630.19921875,38451.4609375,5148.2998046875
2025-01-20,,7733.5,8520.5,,19925.810546875,,38902.5,5164.43994140625
2025-01-21,44025.80859375,7770.9501953125,8548.2998046875,6049.240234375,20106.55078125,19756.779296875,39027.98046875,5165.9599609375
2025-01-22,44156.73046875,7837.39990234375,8545.099609375,6086.3701171875,19778.76953125,20009.33984375,39646.25,5205.830078125
2025-01-23,44565.0703125,7892.60986328125,8565.2001953125,6118.7099609375,19700.560546875,20053.6796875,39958.87109375,5217.5
2025-01-24,44424.25,7927.6201171875,8502.400390625,6101.240234375,20066.189453125,19954.30078125,39931.98046875,5219.3701171875
2025-01-27,44713.578125,7906.580078125,8503.7001953125,6012.27978515625,20197.76953125,19341.830078125,39565.80078125,5188.4501953125
2025-01-28,44850.3515625,7897.3701171875,8533.900390625,6067.7001953125,20225.109375,19733.58984375,39016.87109375,5195.7099609375
2025-01-29,44713.51953125,7872.47998046875,8557.7998046875,6039.31005859375,,19632.3203125,39414.78125,5230.66015625
2025-01-30,44882.12890625,7941.64013671875,8646.900390625,6071.169921875,,19681.75,39513.96875,5282.2099609375
2025-01-31,44544.66015625,7950.169921875,8674.0,6040.52978515625,,19627.439453125,39572.48828125,5286.8701171875
2025-02-03,44421.91015625,7854.919921875,8583.599609375,5994.56982421875,20217.259765625,19391.9609375,38520.08984375,5217.91015625
2025-02-04,44556.0390625,7906.39990234375,8570.7998046875,6037.8798828125,20789.9609375,19654.01953125,38798.37109375,5264.58984375
2025-02-05,44873.28125,7891.68017578125,8623.2998046875,6061.47998046875,20597.08984375,19692.330078125,38831.48046875,5271.1201171875
2025-02-06,44747.62890625,8007.6201171875,8727.2998046875,6083.56982421875,20891.619140625,19791.990234375,39066.53125,5356.6298828125
2025-02-07,44303.3984375,7973.02978515625,8700.5,6025.990234375,21133.5390625,19523.400390625,38787.01953125,5325.39990234375
2025-02-10,44470.41015625,8006.22021484375,8767.7998046875,6066.43994140625,21521.98046875,19714.26953125,38801.171875,5358.2998046875
2025-02-11,44593.6484375,8028.89990234375,8777.400390625,6068.5,21294.859375,19643.859375,,5390.91015625
2025-02-12,44368.55859375,8042.18994140625,8807.400390625,6051.97021484375,21857.919921875,19649.94921875,38963.69921875,5405.64990234375
2025-02-13,44711.4296875,8164.10986328125,8764.7001953125,6115.06982421875,21814.369140625,19945.640625,39461.46875,5500.5
2025-02-14,44546.078125,8178.5400390625,8732.5,6114.6298828125,22620.330078125,20026.76953125,39149.4296875,5493.39990234375
2025-02-17,,8189.1298828125,8768.0,,22616.23046875,,39174.25,5519.830078125
2025-02-18,44556.33984375,8206.5595703125,8766.7001953125,6129.580078125,22976.810546875,20041.259765625,39270.3984375,5533.83984375
2025-02-19,44627.58984375,8110.5400390625,8712.5,6144.14990234375,22944.240234375,20056.25,39164.609375,5461.169921875
2025-02-20,44176.6484375,8122.580078125,8663.0,6117.52001953125,22576.98046875,19962.359375,38678.0390625,5461.02978515625
2025-02-21,43428.01953125,8154.509765625,8659.400390625,6013.1298828125,23477.919921875,19524.009765625,38776.94140625,5474.85009765625
2025-02-24,43461.2109375,8090.990234375,8659.0,5983.25,23341.609375,19286.9296875,,5453.759765625
2025-02-25,43621.16015625,8051.06982421875,8668.7001953125,5955.25,23034.01953125,19026.390625,38237.7890625,5447.89990234375
2025-02-26,43433.12109375,8143.919921875,8731.5,5956.06005859375,23787.9296875,19075.259765625,38142.37109375,5527.990234375
2025-02-27,43239.5,8102.52001953125,8756.2001953125,5861.56982421875,23718.2890625,18544.419921875,38256.171875,5472.56005859375
2025-02-28,43840.91015625,8111.6298828125,8809.7001953125,5954.5,22941.3203125,18847.279296875,37155.5,5463.5400390625
2025-03-03,43191.23828125,8199.7099609375,8871.2998046875,5849.72021484375,23006.26953125,18350.189453125,37785.46875,5540.68994140625
2025-03-04,42520.98828125,8047.919921875,8759.0,5778.14990234375,22941.76953125,18285.16015625,37331.1796875,5387.31005859375
2025-03-05,43006.58984375,8173.75,8755.7998046875,5842.6298828125,23594.2109375,18552.73046875,37418.23828125,5489.1201171875
2025-03-06,42579.078125,8197.669921875,8682.7998046875,5738.52001953125,24369.7109375,18069.259765625,37704.9296875,5520.47021484375
2025-03-07,42801.71875,8120.7998046875,8679.900390625,5770.2001953125,24231.30078125,18196.220703125,36887.171875,5468.41015625
2025-03-10,41911.7109375,8047.60009765625,8600.2001953125,5614.56005859375,23783.490234375,17468.3203125,37028.26953125,5386.97998046875
2025-03-11,41433.48046875,7941.91015625,8496.0,5572.06982421875,23782.140625,17436.099609375,36793.109375,5309.89990234375
2025-03-12,41350.9296875,7988.9599609375,8541.0,5599.2998046875,23600.310546875,17648.44921875,36819.08984375,5359.419921875
2025-03-13,40813.5703125,7938.2099609375,8542.599609375,5521.52001953125,23462.650390625,17303.009765625,36790.03125,5328.39013671875
2025-03-14,41488.19140625,8028.27978515625,8632.2998046875,5638.93994140625,23959.98046875,17754.08984375,37053.1015625,5404.18017578125
2025-03-17,41841.62890625,8073.97998046875,8680.2998046875,5675.1201171875,24145.5703125,17808.66015625,37396.51953125,5445.5498046875
2025-03-18,41581.30859375,8114.56982421875,8705.2001953125,5614.66015625,24740.5703125,17504.119140625,37845.421875,5485.009765625
2025-03-19,41964.62890625,8171.47021484375,8706.7001953125,5675.2900390625,24771.140625,17750.7890625,37751.87890625,5507.35986328125
2025-03-20,41953.3203125,8094.2001953125,8702.0,5662.89013671875,24219.94921875,17691.630859375,,5450.93017578125
2025-03-21,41985.3515625,8042.9501953125,8646.7998046875,5667.56005859375,23689.720703125,17784.05078125,37677.05859375,5423.830078125
2025-03-24,42583.3203125,8022.330078125,8638.0,5767.56982421875,23905.560546875,18188.58984375,37608.48828125,5415.7900390625
2025-03-25,42587.5,8108.58984375,8663.7998046875,5776.64990234375,23344.25,18271.859375,37780.5390625,5475.080078125
2025-03-26,42454.7890625,8030.68017578125,8689.599609375,5712.2001953125,23483.3203125,17899.01953125,38027.2890625,5411.68994140625
2025-03-27,42299.69921875,7990.10986328125,8666.099609375,5693.31005859375,23578.80078125,17804.029296875,37799.96875,5381.080078125
2025-03-28,41583.8984375,7916.080078125,8658.900390625,5580.93994140625,23426.599609375,17322.990234375,37120.328125,5331.39990234375
2025-03-31,42001.76171875,7790.7099609375,8582.7998046875,5611.85009765625,23119.580078125,17299.2890625,35617.55859375,5248.39013671875
2025-04-01,41989.9609375,7876.35986328125,8634.7998046875,5633.06982421875,23206.83984375,17449.890625,35624.48046875,5320.2998046875
2025-04-02,42225.3203125,7858.830078125,8608.5,5670.97021484375,23202.529296875,17601.05078125,35725.87109375,5303.9501953125
2025-04-03,40545.9296875,7598.97998046875,8474.7001953125,5396.52001953125,22849.810546875,16550.609375,34735.9296875,5113.27978515625
2025-04-04,38314.859375,7274.9501953125,8055.0,5074.080078125,,15587.7900390625,33780.578125,4878.31005859375
2025-04-07,37965.6015625,6927.1201171875,7702.10009765625,5062.25,19828.30078125,15603.259765625,31136.580078125,4656.41015625
2025-04-08,37645.58984375,7100.419921875,7910.5,4982.77001953125,20127.6796875,15267.91015625,33012.578125,4773.64990234375
2025-04-09,40608.44921875,6863.02001953125,7679.5,5456.89990234375,20264.490234375,17124.970703125,31714.029296875,4622.14013671875
2025-04-10,39593.66015625,7126.02001953125,7913.2998046875,5268.0498046875,20681.779296875,16387.310546875,34609.0,4818.919921875
2025-04-11,40212.7109375,7104.7998046875,7964.2001953125,5363.35986328125,20914.689453125,16724.4609375,33585.578125,4787.22998046875
2025-04-14,40524.7890625,7273.1201171875,8134.2998046875,5405.97021484375,21417.400390625,16831.48046875,33982.359375,4911.39013671875
2025-04-15,40368.9609375,7335.39990234375,8249.099609375,5396.6298828125,21466.26953125,16823.169921875,34267.5390625,4970.43017578125
2025-04-16,39669.390625,7329.97021484375,8275.599609375,5275.7001953125,21056.98046875,16307.16015625,33920.3984375,4966.5
2025-04-17,39142.23046875,7285.85986328125,8275.7001953125,5282.7001953125,21395.140625,16286.4501953125,34377.6015625,4935.33984375
2025-04-18,,,,,,,34730.28125,
2025-04-21,38170.41015625,,,5158.2001953125,,15870.900390625,34279.921875,
2025-04-22,39186.98046875,7326.47021484375,8328.599609375,5287.759765625,21562.3203125,16300.419921875,34220.6015625,4961.4501953125
2025-04-23,39606.5703125,7482.35986328125,8403.2001953125,5375.85986328125,22072.619140625,16708.05078125,34868.62890625,5098.740234375
2025-04-24,40093.3984375,7502.77978515625,8407.400390625,5484.77001953125,21909.759765625,17166.0390625,35039.1484375,5114.97998046875
2025-04-25,40113.5,7536.259765625,8415.2998046875,5525.2099609375,21980.740234375,17382.939453125,35705.73828125,5154.1201171875
2025-04-28,40227.58984375,7573.759765625,8417.2998046875,5528.75,21971.9609375,17366.130859375,35839.98828125,5170.490234375
2025-04-29,40527.62109375,7555.8701171875,8463.5,5560.830078125,22008.109375,17461.3203125,,5161.89990234375
2025-04-30,40669.359375,7593.8701171875,8494.900390625,5569.06005859375,22119.41015625,17446.33984375,36045.37890625,5160.22021484375
2025-05-01,40752.9609375,,8496.7998046875,5604.14013671875,,17710.740234375,36452.30078125,
2025-05-02,41317.4296875,7770.47998046875,8596.400390625,5686.669921875,22504.6796875,17977.73046875,36830.69140625,5285.18994140625
2025-05-05,41218.828125,7727.93017578125,,5650.3798828125,,17844.240234375,,5283.0498046875
2025-05-06,40829.0,7696.919921875,8597.400390625,5606.91015625,22662.7109375,17689.66015625,,5263.3798828125
2025-05-07,41113.96875,7626.83984375,8559.2998046875,5631.27978515625,22691.880859375,17738.16015625,36779.66015625,5230.18994140625
2025-05-08,41368.44921875,7694.43994140625,8531.599609375,5663.93994140625,22775.919921875,17928.140625,36928.62890625,5288.93994140625
2025-05-09,41249.37890625,7743.75,8554.7998046875,5659.91015625,22867.740234375,17928.919921875,37503.328125,5309.740234375
2025-05-12,42410.1015625,7850.10009765625,8605.0,5844.18994140625,23549.4609375,18708.33984375,37644.26171875,5392.35986328125
2025-05-13,42140.4296875,7873.830078125,8602.900390625,5886.5498046875,23108.26953125,19010.08984375,38183.26171875,5416.2099609375
2025-05-14,42051.05859375,7836.7900390625,8585.0,5892.580078125,23640.650390625,19146.810546875,38128.12890625,5403.43994140625
2025-05-15,42322.75,7853.47021484375,8633.7998046875,5916.93017578125,23453.16015625,19112.3203125,37755.51171875,5412.080078125
2025-05-16,42654.73828125,7886.68994140625,8684.599609375,5958.3798828125,23345.05078125,19211.099609375,37753.71875,5427.52978515625
2025-05-19,42792.0703125,7883.6298828125,8699.2998046875,5963.60009765625,23332.720703125,19215.4609375,37498.62890625,5427.22998046875
2025-05-20,42677.23828125,7942.419921875,8781.099609375,5940.4599609375,23681.48046875,19142.7109375,37529.48828125,5454.64990234375
2025-05-21,41860.44140625,7910.490234375,8786.5,5844.60986328125,23827.779296875,18872.640625,37298.98046875,5454.4599609375
2025-05-22,41859.08984375,7864.43994140625,8739.2998046875,5842.009765625,23544.310546875,18925.740234375,36985.87109375,5424.47998046875
2025-05-23,41603.0703125,7734.39990234375,8718.0,5802.81982421875,23601.259765625,18737.2109375,37160.46875,5326.31005859375
2025-05-26,,7828.1298828125,,,23282.330078125,,37531.53125,5395.330078125
2025-05-27,42343.6484375,7826.7900390625,8778.099609375,5921.5400390625,23381.990234375,19199.16015625,37724.109375,5415.4501953125
2025-05-28,42098.69921875,7788.10009765625,8726.0,5888.5498046875,23258.310546875,19100.939453125,37722.3984375,5378.39013671875
2025-05-29,42215.73046875,7779.72021484375,8716.5,5912.169921875,23573.380859375,19175.869140625,38432.98046875,
2025-05-30,42270.0703125,7751.89013671875,8772.400390625,5911.68994140625,23289.76953125,19113.76953125,37965.1015625,5366.58984375
2025-06-02,42305.48046875,7737.2001953125,8774.2998046875,5935.93994140625,23157.970703125,19242.609375,37470.671875,5355.56005859375
2025-06-03,42519.640625,7763.83984375,8787.0,5970.3701171875,23512.490234375,19398.9609375,37446.80859375,5375.7001953125
2025-06-04,42427.73828125,7804.669921875,8801.2998046875,5970.81005859375,23654.029296875,19460.490234375,37747.44921875,5405.14990234375
2025-06-05,42319.73828125,7790.27001953125,8811.0,5939.2998046875,23906.970703125,19298.44921875,37554.48828125,5410.5498046875
2025-06-06,42762.87109375,7804.8701171875,8837.900390625,6000.35986328125,23792.5390625,19529.94921875,37741.609375,5430.169921875
2025-06-09,42761.76171875,7791.47021484375,8832.2998046875,6005.8798828125,24181.4296875,19591.240234375,38088.5703125,
2025-06-10,42866.87109375,7804.330078125,8853.099609375,6038.81005859375,24162.869140625,19714.990234375,38211.51171875,5415.3798828125
2025-06-11,42865.76953125,7775.89990234375,8864.400390625,6022.240234375,24366.939453125,19615.880859375,38421.19140625,5393.14990234375
2025-06-12,42967.62109375,7765.10986328125,8884.900390625,6045.259765625,24035.380859375,19662.490234375,38173.08984375,5360.81982421875
2025-06-13,42197.7890625,7684.68017578125,8850.599609375,5976.97021484375,23892.560546875,19406.830078125,37834.25,5290.47021484375
2025-06-16,42515.08984375,7742.240234375,8875.2001953125,6033.10986328125,24060.990234375,19701.2109375,38311.328125,5339.56982421875
2025-06-17,42215.80078125,7683.72998046875,8834.0,5982.72021484375,23980.30078125,19521.08984375,38536.73828125,5288.68017578125
2025-06-18,42171.66015625,7656.1201171875,8843.5,5980.8701171875,23710.689453125,19546.26953125,38885.1484375,5266.91015625
2025-06-19,,7553.4501953125,8791.7998046875,,23237.740234375,,38488.33984375,5197.02978515625
2025-06-20,42206.8203125,7589.66015625,8774.7001953125,5967.83984375,23530.48046875,19447.41015625,38403.23046875,5233.580078125
2025-06-23,42581.78125,7537.56982421875,8758.0,6025.169921875,23689.130859375,19630.970703125,38354.08984375,5221.89990234375
2025-06-24,43089.01953125,7615.990234375,8759.0,6092.18017578125,24177.0703125,19912.529296875,38790.55859375,5297.06982421875
2025-06-25,42982.4296875,7558.16015625,8718.7998046875,6092.16015625,24474.669921875,19973.55078125,38942.0703125,5252.009765625
2025-06-26,43386.83984375,7557.31005859375,8735.599609375,6141.02001953125,24325.400390625,20167.91015625,39584.578125,5244.02978515625
2025-06-27,43819.26953125,7691.5498046875,8798.900390625,6173.06982421875,24284.150390625,20273.4609375,40150.7890625,5325.64013671875
2025-06-30,44094.76953125,7665.91015625,8761.0,6204.9501953125,24072.279296875,20369.73046875,40487.390625,5303.240234375
2025-07-01,44494.94140625,7662.58984375,8785.2998046875,6198.009765625,,20202.890625,39986.328125,5282.43017578125
2025-07-02,44484.421875,7738.419921875,8774.7001953125,6227.419921875,24221.41015625,20393.130859375,39762.48046875,5318.72021484375
2025-07-03,44828.53125,7754.5498046875,8823.2001953125,6279.35009765625,24069.939453125,20601.099609375,39785.8984375,5343.14990234375
2025-07-04,,7696.27001953125,8822.900390625,,23916.060546875,,39810.87890625,5288.81005859375
2025-07-07,44406.359375,7723.47021484375,8806.5,6229.97998046875,23887.830078125,20412.51953125,39587.6796875,5341.5400390625
2025-07-08,44240.76171875,7766.7099609375,8854.2001953125,6225.52001953125,24148.0703125,20418.4609375,39688.80859375,5371.9501953125
2025-07-09,44458.30078125,7878.4599609375,8867.0,6263.259765625,23892.3203125,20611.33984375,39821.28125,5445.64990234375
2025-07-10,44650.640625,7902.25,8975.7001953125,6280.4599609375,24028.369140625,20630.66015625,39646.359375,5438.27001953125
2025-07-11,44371.51171875,7829.2900390625,8941.099609375,6259.75,24139.5703125,20585.529296875,39569.6796875,5383.47998046875
2025-07-14,44459.6484375,7808.169921875,8998.099609375,6268.56005859375,24203.3203125,20640.330078125,39459.62109375,5370.85009765625
2025-07-15,44023.2890625,7766.2099609375,8938.2998046875,6243.759765625,24590.119140625,20677.80078125,39678.01953125,5354.169921875
2025-07-16,44254.78125,7722.08984375,8926.599609375,6263.7001953125,24517.759765625,20730.490234375,39663.3984375,5298.06982421875
2025-07-17,44484.48828125,7822.0,8972.599609375,6297.35986328125,24498.94921875,20885.650390625,39901.19140625,5377.14990234375
2025-07-18,44342.19140625,7822.669921875,8992.099609375,6296.7900390625,24825.66015625,20895.650390625,39819.109375,5359.22998046875
2025-07-21,44323.0703125,7798.22021484375,9013.0,6305.60009765625,24994.140625,20974.1796875,,5342.97998046875
2025-07-22,44502.44140625,7744.41015625,9023.7998046875,6309.6201171875,25130.029296875,20892.689453125,39774.921875,5290.47998046875
2025-07-23,45010.2890625,7850.43017578125,9061.5,6358.91015625,25538.0703125,21020.01953125,41171.3203125,5344.25
2025-07-24,44693.91015625,7818.27978515625,9138.400390625,6363.35009765625,25667.1796875,21057.9609375,41826.33984375,5355.2001953125
2025-07-25,44901.921875,7834.580078125,9120.2998046875,6388.64013671875,25388.349609375,21108.3203125,41456.23046875,5352.16015625
2025-07-28,44837.55859375,7800.8798828125,9081.400390625,6389.77001953125,25562.130859375,21178.580078125,40998.26953125,5337.580078125
2025-07-29,44632.98828125,7857.35986328125,9136.2998046875,6370.85986328125,25524.44921875,21098.2890625,40674.55078125,5379.2001953125
2025-07-30,44461.28125,7861.9599609375,9136.900390625,6362.89990234375,25176.9296875,21129.669921875,40654.69921875,5393.18017578125
2025-07-31,44130.98046875,7771.97021484375,9132.7998046875,6339.39013671875,24773.330078125,21122.44921875,41069.8203125,5319.919921875
2025-08-01,43588.578125,7546.16015625,9068.599609375,6238.009765625,24507.810546875,20650.130859375,40799.6015625,
2025-08-04,44173.640625,7632.009765625,9128.2998046875,6329.93994140625,24733.44921875,21053.580078125,40290.69921875,5242.31982421875
2025-08-05,44111.73828125,7621.0400390625,9142.7001953125,6299.18994140625,24902.529296875,20916.55078125,40549.5390625,5249.58984375
2025-08-06,44193.12109375,7635.02978515625,9164.2998046875,6345.06005859375,24910.630859375,21169.419921875,40794.859375,5263.2900390625
2025-08-07,43968.640625,7709.31982421875,9100.7998046875,6340.0,25081.630859375,21242.69921875,41059.1484375,5332.06982421875
2025-08-08,44175.609375,7743.0,9095.7001953125,6389.4501953125,24858.8203125,21450.01953125,41820.48046875,5347.740234375
2025-08-11,43975.08984375,7698.52001953125,9129.7001953125,6373.4501953125,24906.810546875,21385.400390625,,5331.85009765625
2025-08-12,44458.609375,7753.419921875,9147.7998046875,6445.759765625,24969.6796875,21681.900390625,42718.171875,5335.97021484375
2025-08-13,44922.26953125,7804.97021484375,9165.2001953125,6466.580078125,25613.669921875,21713.140625,43274.671875,5388.25
2025-08-14,44911.26171875,7870.33984375,9177.2001953125,6468.5400390625,25519.3203125,21710.669921875,42649.26171875,5434.7001953125
2025-08-15,44946.12109375,7923.4501953125,9138.900390625,6449.7998046875,25270.0703125,21622.98046875,43378.30859375,5448.60986328125
2025-08-18,44911.8203125,7884.0498046875,9157.7001953125,6449.14990234375,25176.849609375,21629.76953125,43714.30859375,5434.64013671875
2025-08-19,44922.26953125,7979.080078125,9189.2001953125,6411.3701171875,25122.900390625,21314.94921875,43546.2890625,5483.27978515625
2025-08-20,44938.30859375,7973.02978515625,9288.099609375,6395.77978515625,25165.939453125,21172.859375,42888.55078125,5472.31982421875
2025-08-21,44785.5,7938.2900390625,9309.2001953125,6370.169921875,25104.609375,21100.310546875,42610.171875,5462.16015625
2025-08-22,45631.73828125,7969.68994140625,9321.400390625,6466.91015625,25339.140625,21496.5390625,42633.2890625,5488.22998046875
2025-08-25,45282.46875,7843.0400390625,,6439.31982421875,25829.91015625,21449.2890625,42807.8203125,5443.9599609375
2025-08-26,45418.0703125,7709.81005859375,9265.7998046875,6465.93994140625,25524.919921875,21544.26953125,42394.3984375,5383.68017578125
2025-08-27,45565.23046875,7743.93017578125,9255.5,6481.39990234375,25201.759765625,21590.140625,42520.26953125,5393.06982421875
2025-08-28,45636.8984375,7762.60009765625,9216.7998046875,6501.85986328125,24998.8203125,21705.16015625,42828.7890625,5396.72998046875
2025-08-29,45544.87890625,7703.89990234375,9187.2998046875,6460.259765625,25077.619140625,21455.55078125,42718.46875,5351.72998046875
2025-09-01,,7707.89990234375,9196.2998046875,,25617.419921875,,42188.7890625,5367.080078125
2025-09-02,45295.80859375,7654.25,9116.7001953125,6415.5400390625,25496.55078125,21279.630859375,42310.48828125,5291.0400390625
2025-09-03,45271.23046875,7719.7099609375,9178.0,6448.259765625,25343.4296875,21497.73046875,41938.890625,5325.009765625
2025-09-04,45621.2890625,7698.919921875,9216.900390625,6502.080078125,25058.509765625,21707.689453125,42580.26953125,5346.7099609375
2025-09-05,45400.859375,7674.77978515625,9208.2001953125,6481.5,25417.98046875,21700.390625,43018.75,5318.14990234375
2025-09-08,45514.94921875,7734.83984375,9221.400390625,6495.14990234375,25633.91015625,21798.69921875,43643.80859375,5362.81005859375
2025-09-09,45711.33984375,7749.39013671875,9242.5,6512.60986328125,25938.130859375,21879.490234375,43459.2890625,5368.81982421875
2025-09-10,45490.921875,7761.31982421875,9225.400390625,6532.0400390625,26200.259765625,21886.060546875,43837.671875,5361.47021484375
2025-09-11,46108.0,7823.52001953125,9297.599609375,6587.47021484375,26086.3203125,22043.0703125,44372.5,5386.77001953125
2025-09-12,45834.21875,7825.240234375,9283.2998046875,6584.2900390625,26388.16015625,22141.099609375,44768.12109375,5390.7099609375
2025-09-15,45883.44921875,7896.93017578125,9277.0,6615.27978515625,26446.560546875,22348.75,,5440.39990234375
2025-09-16,45757.8984375,7818.22021484375,9195.7001953125,6606.759765625,26438.509765625,22333.9609375,44902.26953125,5372.31005859375
2025-09-17,46018.3203125,7786.97998046875,9208.400390625,6600.35009765625,26908.390625,22261.330078125,44790.37890625,5369.7001953125
2025-09-18,46142.421875,7854.60986328125,9228.099609375,6631.9599609375,26544.849609375,22470.720703125,45303.4296875,5456.669921875
2025-09-19,46315.26953125,7853.58984375,9216.7001953125,6664.35986328125,26545.099609375,22631.48046875,45045.80859375,5458.419921875
2025-09-22,46381.5390625,7830.10986328125,9226.7001953125,6693.75,26344.140625,22788.98046875,45493.66015625,5442.0498046875
2025-09-23,46292.78125,7872.02001953125,9223.2998046875,6656.919921875,26159.119140625,22573.470703125,,5472.39013671875
2025-09-24,46121.28125,7827.4501953125,9250.400390625,6637.97021484375,26518.650390625,22497.859375,45630.30859375,5464.56005859375
2025-09-25,45947.3203125,7795.419921875,9214.0,6604.72021484375,26484.6796875,22384.69921875,45754.9296875,5444.89013671875
2025-09-26,46247.2890625,7870.68017578125,9284.7998046875,6643.7001953125,26128.19921875,22484.0703125,45354.98828125,5499.7001953125
2025-09-29,46316.0703125,7880.8701171875,9299.7998046875,6661.2099609375,26622.880859375,22591.150390625,45043.75,5506.85009765625
2025-09-30,46397.890625,7895.93994140625,9350.400390625,6688.4599609375,26855.560546875,22660.009765625,44932.62890625,5529.9599609375
2025-10-01,46441.1015625,7966.9501953125,9446.400390625,6711.2001953125,,22755.16015625,44550.8515625,5581.2099609375
2025-10-02,46519.71875,8056.6298828125,9427.7001953125,6715.35009765625,27287.119140625,22844.05078125,44936.73046875,5645.81005859375
2025-10-03,46758.28125,8081.5400390625,9491.2998046875,6715.7900390625,27140.919921875,22780.509765625,45769.5,5651.7099609375
2025-10-06,46694.96875,7971.77978515625,9479.099609375,6740.27978515625,26957.76953125,22941.669921875,47944.76171875,5628.72021484375
2025-10-07,46602.98046875,7974.85009765625,9483.599609375,6714.58984375,,22788.359375,47950.87890625,5613.6201171875
2025-10-08,46601.78125,8060.1298828125,9548.900390625,6753.72021484375,26829.4609375,23043.380859375,47734.98828125,5649.72998046875
2025-10-09,46358.421875,8041.35986328125,9509.400390625,6735.10986328125,26752.58984375,23024.630859375,48580.44140625,5625.56005859375
2025-10-10,45479.6015625,7918.0,9427.5,6552.509765625,26290.3203125,22204.4296875,48088.80078125,5531.31982421875
2025-10-13,46067.578125,7934.259765625,9442.900390625,6654.72021484375,25889.48046875,22694.609375,,5568.18994140625
2025-10-14,46270.4609375,7919.6201171875,9452.7998046875,6644.31005859375,25441.349609375,22521.69921875,46847.3203125,5552.0498046875
2025-10-15,46253.30859375,8077.0,9424.7998046875,6671.06005859375,25910.599609375,22670.080078125,47672.671875,5605.02978515625
2025-10-16,45952.23828125,8188.58984375,9436.099609375,6629.06982421875,25888.509765625,22562.5390625,48277.73828125,5652.009765625
2025-10-17,46190.609375,8174.2001953125,9354.599609375,6664.009765625,25247.099609375,22679.970703125,47582.1484375,5607.39013671875
2025-10-20,46706.578125,8206.0703125,9403.599609375,6735.1298828125,25858.830078125,22990.5390625,49185.5,5680.93017578125
2025-10-21,46924.73828125,8258.8603515625,9427.0,6735.35009765625,26027.55078125,22953.669921875,49316.05859375,5686.830078125
2025-10-22,46590.41015625,8206.8701171875,9515.0,6699.39990234375,25781.76953125,22740.400390625,49307.7890625,5639.2099609375
2025-10-23,46734.609375,8225.7802734375,9578.599609375,6738.43994140625,25967.98046875,22941.80078125,48641.609375,5668.330078125
2025-10-24,47207.12109375,8225.6298828125,9645.599609375,6791.68994140625,26160.150390625,23204.869140625,49299.6484375,5674.5
2025-10-27,47544.58984375,8239.1796875,9653.7998046875,6875.16015625,26433.69921875,23637.4609375,50512.3203125,5711.06005859375
2025-10-28,47706.37109375,8216.580078125,9696.7001953125,6890.89013671875,26346.140625,23827.490234375,50219.1796875,5704.35009765625
2025-10-29,47632.0,8200.8798828125,9756.099609375,6890.58984375,,23958.470703125,51307.6484375,5705.81005859375
2025-10-30,47522.12109375,8157.2900390625,9760.099609375,6822.33984375,26282.689453125,23581.140625,51325.609375,5699.18017578125
2025-10-31,47562.87109375,8121.06982421875,9717.2998046875,6840.2001953125,25906.650390625,23724.9609375,52411.33984375,5662.0400390625
2025-11-03,47336.6796875,8109.7900390625,9701.400390625,6851.97021484375,26158.359375,23834.720703125,,5679.25
2025-11-04,47085.23828125,8067.52978515625,9715.0,6771.5498046875,25952.400390625,23348.640625,51497.19921875,5660.2001953125
2025-11-05,47311.0,8074.22998046875,9777.099609375,6796.2900390625,25935.41015625,23499.80078125,50212.26953125,5669.1298828125
2025-11-06,46912.30078125,7964.77001953125,9735.7998046875,6720.31982421875,26485.900390625,23053.990234375,50883.6796875,5611.18017578125
2025-11-07,46987.1015625,7950.18017578125,9682.599609375,6728.7998046875,26241.830078125,23004.5390625,50276.37109375,5566.52978515625
2025-11-10,47368.62890625,8055.509765625,9787.2001953125,6832.43017578125,26649.060546875,23527.169921875,50911.76171875,5664.4599609375
2025-11-11,47927.9609375,8156.22998046875,9899.599609375,6846.60986328125,26696.41015625,23468.30078125,50842.9296875,5725.7001953125
2025-11-12,48254.8203125,8241.240234375,9911.400390625,6850.919921875,26922.73046875,23406.4609375,51063.30859375,5787.31005859375
2025-11-13,47457.21875,8232.490234375,9807.7001953125,6737.490234375,27073.029296875,22870.359375,51281.828125,5742.7900390625
2025-11-14,47147.48046875,8170.08984375,9698.400390625,6734.10986328125,26572.4609375,22900.58984375,50376.53125,5693.77001953125
2025-11-17,46590.23828125,8119.02001953125,9675.400390625,6672.41015625,26384.279296875,22708.0703125,50323.91015625,5640.93994140625
2025-11-18,46091.73828125,7967.93017578125,9552.2998046875,6617.31982421875,25930.029296875,22432.849609375,48702.98046875,5534.7099609375
2025-11-19,46138.76953125,7953.77001953125,9507.400390625,6642.16015625,25830.650390625,22564.23046875,48537.69921875,5542.0498046875
2025-11-20,45752.26171875,7981.06982421875,9527.7001953125,6538.759765625,25835.5703125,22078.05078125,49823.94140625,5569.919921875
2025-11-21,46245.41015625,7982.64990234375,9539.7001953125,6602.990234375,25220.01953125,22273.080078125,48625.87890625,5515.08984375
2025-11-24,46448.26953125,7959.669921875,9534.900390625,6705.1201171875,25716.5,22872.009765625,,5528.669921875
2025-11-25,47112.44921875,8025.7998046875,9609.5,6765.8798828125,25894.55078125,23025.58984375,48659.51953125,5573.91015625
2025-11-26,47427.12109375,8096.43017578125,9691.599609375,6812.60986328125,25928.080078125,23214.689453125,49559.0703125,5655.580078125
2025-11-27,,8099.47021484375,9693.900390625,,25945.9296875,,50167.1015625,5653.169921875
2025-11-28,47716.421875,8122.7099609375,9720.5,6849.08984375,25858.890625,23365.689453125,50253.91015625,5668.169921875
2025-12-01,47289.328125,8097.0,9702.5,6812.6298828125,26033.259765625,23275.919921875,49303.28125,5667.47998046875
2025-12-02,47474.4609375,8074.60986328125,9701.7998046875,6829.3701171875,26095.05078125,23413.669921875,49303.44921875,5686.169921875
2025-12-03,47882.8984375,8087.419921875,9692.099609375,6849.72021484375,25760.73046875,23454.08984375,49864.6796875,5694.56005859375
2025-12-04,47850.94140625,8122.02978515625,9710.900390625,6857.1201171875,25935.900390625,23505.140625,51028.421875,5718.080078125
2025-12-05,47954.98828125,8114.740234375,9667.0,6870.39990234375,26085.080078125,23578.130859375,50491.87109375,5723.93017578125
2025-12-08,47739.3203125,8108.43017578125,9645.099609375,6846.509765625,25765.359375,23545.900390625,50581.94140625,5725.58984375
2025-12-09,47560.2890625,8052.509765625,9642.0,6840.509765625,25434.23046875,23576.490234375,50655.1015625,5718.31982421875
2025-12-10,48057.75,8022.68994140625,9655.5,6886.68017578125,25540.779296875,23654.150390625,50602.80078125,5708.1201171875
2025-12-11,48704.01171875,8085.759765625,9703.2001953125,6901.0,25530.509765625,23593.859375,50148.8203125,5753.9599609375
2025-12-12,48458.05078125,8068.6201171875,9649.0,6827.41015625,25976.7890625,23195.169921875,50836.55078125,5720.7099609375
2025-12-15,48416.55859375,8124.8798828125,9751.2998046875,6816.509765625,25628.880859375,23057.41015625,50168.109375,5752.52001953125
2025-12-16,48114.26171875,8106.16015625,9684.7998046875,6800.259765625,25235.41015625,23111.4609375,49383.2890625,5717.830078125
2025-12-17,47885.96875,8086.0498046875,9774.2998046875,6721.43017578125,25468.779296875,22693.3203125,49512.28125,5681.669921875
2025-12-18,47951.8515625,8150.64013671875,9837.7998046875,6774.759765625,25498.130859375,23006.359375,49001.5,5741.7099609375
2025-12-19,48134.890625,8151.3798828125,9897.400390625,6834.5,25690.529296875,23307.619140625,49507.2109375,5760.35009765625
2025-12-22,48362.6796875,8121.06982421875,9866.0,6878.490234375,25801.76953125,23428.830078125,50402.390625,5743.68994140625
2025-12-23,48442.41015625,8103.85009765625,9889.2001953125,6909.7900390625,25774.140625,23561.83984375,50412.87109375,5749.27978515625
2025-12-24,48731.16015625,8103.580078125,9870.7001953125,6932.0498046875,25818.9296875,23613.310546875,50344.1015625,
2025-12-25,,,,,,,50407.7890625,
2025-12-26,48710.96875,,,6929.93994140625,,23593.099609375,50750.390625,
2025-12-29,48461.9296875,8112.02001953125,9866.5,6905.740234375,25635.23046875,23474.349609375,50526.921875,5751.7099609375
2025-12-30,48367.05859375,8168.14990234375,9940.7001953125,6896.240234375,25854.599609375,23419.080078125,50339.48046875,5796.22021484375
2025-12-31,48063.2890625,8149.5,9931.400390625,6845.5,25630.5390625,23241.990234375,,
2026-01-02,48382.390625,8195.2099609375,9951.099609375,6858.47021484375,26338.470703125,23235.630859375,,
2026-01-05,48977.1796875,8211.5,10004.599609375,6902.0498046875,26347.240234375,23395.8203125,51832.80078125,5923.68994140625
2026-01-06,49462.078125,8237.4296875,10122.7001953125,6944.81982421875,26710.44921875,23547.169921875,52518.078125,5931.7900390625
2026-01-07,48996.078125,8233.919921875,10048.2001953125,6920.93017578125,26458.94921875,23584.279296875,51961.98046875,5923.56982421875
2026-01-08,49266.109375,8243.4697265625,10044.7001953125,6921.4599609375,26149.310546875,23480.01953125,51117.26171875,5904.31982421875
2026-01-09,49504.0703125,8362.08984375,10124.599609375,6966.27978515625,26231.7890625,23671.349609375,51939.890625,5997.47021484375
2026-01-12,49590.19921875,8358.759765625,10140.7001953125,6977.27001953125,26608.48046875,23733.900390625,,6016.2998046875
2026-01-13,49191.98828125,8347.2001953125,10137.400390625,6963.740234375,26848.470703125,23709.869140625,53549.16015625,6029.830078125
2026-01-14,49149.62890625,8330.9697265625,10184.400390625,6926.60009765625,26999.810546875,23471.75,54341.23046875,6005.0498046875
2026-01-15,49442.44140625,8313.1201171875,10238.900390625,6944.47021484375,26923.619140625,23530.01953125,54110.5,6041.14013671875
2026-01-16,49359.328125,8258.9404296875,10235.2998046875,6940.009765625,26844.9609375,23515.390625,53936.171875,6029.4501953125
2026-01-19,,8112.02001953125,10195.400390625,,26563.900390625,,53583.5703125,5925.81982421875
2026-01-20,48488.58984375,8062.580078125,10126.7998046875,6796.85986328125,26487.509765625,22954.3203125,52991.1015625,5892.080078125
2026-01-21,49077.23046875,8069.169921875,10138.099609375,6875.6201171875,26585.060546875,23224.8203125,52774.640625,5882.8798828125
2026-01-22,49384.01171875,8148.89013671875,10150.099609375,6913.35009765625,26629.9609375,23436.01953125,53688.890625,5956.169921875
2026-01-23,49098.7109375,8143.0498046875,10143.400390625,6915.60986328125,26749.509765625,23501.240234375,53846.87109375,5948.2001953125
2026-01-26,49412.3984375,8131.14990234375,10148.900390625,6950.22998046875,26765.51953125,23601.359375,52885.25,5957.7998046875
2026-01-27,49003.41015625,8152.81982421875,10207.7998046875,6978.60009765625,27126.94921875,23817.099609375,53333.5390625,5994.58984375
2026-01-28,49015.6015625,8066.68017578125,10154.400390625,6978.02978515625,27826.91015625,23857.44921875,53358.7109375,5933.2001953125
2026-01-29,49071.55859375,8071.35986328125,10171.7998046875,6969.009765625,27968.08984375,23685.119140625,53375.6015625,5891.9501953125
2026-01-30,48892.46875,8126.52978515625,10223.5,6939.02978515625,27387.109375,23461.8203125,53322.8515625,5947.81005859375
2026-02-02,49407.66015625,8181.169921875,10341.599609375,6976.43994140625,26775.5703125,23592.109375,52655.1796875,6007.509765625
2026-02-03,49240.98828125,8179.5,10314.599609375,6917.81005859375,26834.76953125,23255.189453125,54720.66015625,5995.35009765625
2026-02-04,49501.30078125,8262.16015625,10402.2998046875,6882.72021484375,26847.3203125,22904.580078125,54293.359375,5970.47021484375
2026-02-05,48908.71875,8238.169921875,10309.2001953125,6798.39990234375,26885.240234375,22540.58984375,53818.0390625,5925.7001953125
2026-02-06,50115.671875,8273.83984375,10369.7998046875,6932.2998046875,26559.94921875,23031.2109375,54253.6796875,5998.39990234375
2026-02-09,50135.87109375,8323.2802734375,10386.2001953125,6964.81982421875,27027.16015625,23238.669921875,56363.94140625,6059.009765625
2026-02-10,50188.140625,8327.8798828125,10353.7998046875,6941.81005859375,27183.150390625,23102.470703125,57650.5390625,6047.06005859375
2026-02-11,50121.3984375,8313.240234375,10472.099609375,6941.47021484375,27266.380859375,23066.470703125,,6035.64013671875
2026-02-12,49451.98046875,8340.5595703125,10402.400390625,6832.759765625,27032.5390625,22597.150390625,57639.83984375,6011.2900390625
2026-02-13,49500.9296875,8311.740234375,10446.400390625,6836.169921875,26567.119140625,22546.669921875,56941.96875,5985.22998046875
2026-02-16,,8316.5,10473.7001953125,,26705.939453125,,56806.41015625,5978.8798828125
2026-02-17,49533.19140625,8361.4599609375,10556.2001953125,6843.22021484375,,22578.380859375,56566.48828125,6021.85009765625
2026-02-18,49662.66015625,8429.0302734375,10686.2001953125,6881.31005859375,,22753.630859375,57143.83984375,6103.3701171875
2026-02-19,49395.16015625,8398.7802734375,10627.0,6861.89013671875,,22682.73046875,57467.828125,6059.6201171875
2026-02-20,49625.96875,8515.490234375,10686.900390625,6909.509765625,26413.349609375,22886.0703125,56825.69921875,6131.31005859375
2026-02-23,48804.05859375,8497.169921875,10684.7001953125,6837.75,27081.91015625,22627.26953125,,6113.919921875
2026-02-24,49174.5,8519.2099609375,10680.599609375,6890.06982421875,26590.3203125,22863.6796875,57321.08984375,6116.60009765625
2026-02-25,49482.1484375,8559.0703125,10806.400390625,6946.1298828125,26765.720703125,23152.080078125,58583.12109375,6173.31982421875
2026-02-26,49499.19921875,8620.9296875,10846.7001953125,6908.85986328125,26381.01953125,22878.380859375,58753.390625,6161.56005859375
2026-02-27,48977.921875,8580.75,10910.599609375,6878.8798828125,26630.5390625,22668.2109375,58850.26953125,6138.41015625
2026-03-02,48904.78125,8394.3203125,10780.099609375,6881.6201171875,26059.849609375,22748.859375,58057.23828125,5986.93017578125
2026-03-03,48501.26953125,8103.83984375,10484.099609375,6816.6298828125,25768.080078125,22516.689453125,56279.05078125,5771.72998046875
