Date,AAPL,BAC,BRK-B,IBM,LLY,TSLA,V,WFC
2023-09-25,174.040283203125,26.097524642944336,361.7099914550781,135.490966796875,542.7359619140625,246.99000549316406,228.9957733154297,39.08641052246094
2023-09-26,169.96800231933594,25.69093132019043,359.4200134277344,132.49403381347656,540.4954833984375,244.1199951171875,225.3551483154297,38.23057174682617
2023-09-27,168.45574951171875,25.785490036010742,357.7799987792969,132.42929077148438,540.249755859375,240.5,225.20794677734375,38.42806625366211
2023-09-28,168.71275329589844,26.059701919555664,357.05999755859375,130.9585723876953,535.0315551757812,246.3800048828125,227.3275604248047,38.475093841552734
2023-09-29,169.22677612304688,25.88949966430664,350.29998779296875,129.7746124267578,527.8382568359375,250.22000122070312,225.70843505859375,38.42806625366211
2023-10-02,171.73733520507812,25.246519088745117,348.0799865722656,130.2371063232422,528.97802734375,251.60000610351562,226.9448699951172,37.25246810913086
2023-10-03,170.40293884277344,24.499523162841797,343.0400085449219,129.8578338623047,516.104736328125,246.52999877929688,224.53086853027344,36.368412017822266
2023-10-04,171.64834594726562,24.527889251708984,343.69000244140625,130.48683166503906,522.2662963867188,261.1600036621094,226.89578247070312,36.65056610107422
2023-10-05,172.88385009765625,24.641359329223633,345.05999755859375,130.903076171875,532.1129150390625,260.04998779296875,229.113525390625,36.96092224121094
2023-10-06,175.43399047851562,24.65081214904785,346.3399963378906,131.37481689453125,555.4423217773438,260.5299987792969,230.6443634033203,37.32770538330078
2023-10-09,176.91661071777344,24.877744674682617,345.45001220703125,131.5320587158203,561.8692626953125,259.6700134277344,230.05557250976562,37.33711242675781
2023-10-10,176.3235321044922,25.539642333984375,348.55999755859375,131.4488067626953,569.28857421875,263.6199951171875,232.17518615722656,37.449974060058594
2023-10-11,177.7172393798828,25.549095153808594,348.42999267578125,132.48480224609375,594.8092651367188,262.989990234375,231.27239990234375,37.32770538330078
2023-10-12,178.61671447753906,25.435630798339844,345.6600036621094,130.6440887451172,599.9390869140625,258.8699951171875,232.3518524169922,37.37472915649414
2023-10-13,176.77821350097656,25.30324935913086,345.0899963378906,128.0726318359375,598.6614990234375,251.1199951171875,233.2251739501953,38.522125244140625
2023-10-16,176.64974975585938,25.520732879638672,346.2300109863281,128.76634216308594,605.972900390625,253.9199981689453,235.58029174804688,39.17105484008789
2023-10-17,175.097900390625,26.116436004638672,345.3900146484375,129.79310607910156,597.7869873046875,254.85000610351562,236.68914794921875,39.48141098022461
2023-10-18,173.8031005859375,25.82330894470215,340.8900146484375,129.46934509277344,596.7353515625,242.67999267578125,233.02891540527344,39.05819320678711
2023-10-19,173.42752075195312,25.49236297607422,338.6600036621094,127.65637969970703,580.5797729492188,220.11000061035156,229.4373779296875,38.72903060913086
2023-10-20,170.87741088867188,24.877744674682617,335.8599853515625,126.87014770507812,574.5263671875,211.99000549316406,229.01539611816406,37.87318801879883
2023-10-23,170.99598693847656,24.17803192138672,336.8399963378906,126.148681640625,566.6746215820312,212.0800018310547,227.20001220703125,37.130210876464844
2023-10-24,171.43089294433594,24.083477020263672,338.6300048828125,127.45288848876953,582.181640625,216.52000427246094,230.2616424560547,36.94211196899414
2023-10-25,169.1179962158203,24.159120559692383,336.8999938964844,126.79618072509766,576.3148803710938,212.4199981689453,232.42050170898438,36.70698547363281
2023-10-26,164.95675659179688,24.69809341430664,336.1600036621094,132.97500610351562,558.2723999023438,205.75999450683594,226.9546661376953,37.29008483886719
2023-10-27,166.27137756347656,23.799806594848633,331.7099914550781,131.82806396484375,550.53857421875,207.3000030517578,224.98226928710938,36.45306396484375
2023-10-30,168.31736755371094,24.2914981842041,337.4100036621094,131.92982482910156,555.923828125,197.36000061035156,228.7210235595703,37.08318328857422
2023-10-31,168.79180908203125,24.906116485595703,341.3299865722656,133.78900146484375,544.3475952148438,200.83999633789062,230.70323181152344,37.402950286865234
2023-11-01,171.95474243164062,24.96285057067871,343.75,134.49197387695312,544.8684692382812,205.66000366210938,234.1181640625,37.25246810913086
2023-11-02,175.51307678222656,26.116436004638672,349.0199890136719,135.981201171875,570.2515869140625,218.50999450683594,238.70082092285156,38.43854904174805
2023-11-03,174.60369873046875,26.872886657714844,351.80999755859375,136.80442810058594,557.9874877929688,219.9600067138672,239.0442657470703,39.49178695678711
2023-11-06,177.15379333496094,26.787784576416016,346.6300048828125,137.79417419433594,584.8939208984375,219.27000427246094,238.9363250732422,39.226112365722656
2023-11-07,179.7138214111328,26.627037048339844,346.1700134277344,137.6646728515625,589.5519409179688,222.17999267578125,240.19241333007812,38.94145202636719
2023-11-08,180.7714385986328,26.371736526489258,346.29998779296875,136.92469787597656,608.419677734375,222.11000061035156,239.85804748535156,38.884517669677734
2023-11-09,180.29701232910156,26.031335830688477,348.17999267578125,137.15855407714844,581.0908813476562,209.97999572753906,237.62571716308594,38.33417892456055
2023-11-10,184.48348999023438,26.173166275024414,350.55999755859375,139.40367126464844,587.3704223632812,214.64999389648438,241.17579650878906,38.79911804199219
2023-11-13,182.89993286132812,26.192079544067383,350.010009765625,138.54307556152344,602.1107788085938,223.7100067138672,240.6054229736328,38.68525314331055
2023-11-14,185.51280212402344,27.62933349609375,354.25,140.7039794921875,601.3626098632812,237.41000366210938,242.83770751953125,39.92826843261719
2023-11-15,186.07691955566406,28.0075626373291,356.7900085449219,142.73397827148438,579.4275512695312,242.83999633789062,243.98828125,40.649410247802734
2023-11-16,187.7594757080078,27.931915283203125,359.8599853515625,143.18299865722656,579.63427734375,233.58999633789062,244.4406280517578,40.355262756347656
2023-11-17,187.7396697998047,28.347965240478516,358.92999267578125,143.02395629882812,582.5484619140625,234.3000030517578,245.41416931152344,40.76327133178711
2023-11-20,189.4815673828125,28.376331329345703,361.3299865722656,144.38975524902344,588.3472900390625,235.60000610351562,245.8173828125,40.60197067260742
2023-11-21,188.67987060546875,28.045381546020508,361.0,143.97813415527344,583.4246826171875,241.1999969482422,248.0398406982422,40.42168045043945
2023-11-22,189.343017578125,28.017013549804688,361.79998779296875,145.119384765625,585.8761596679688,234.2100067138672,249.50506591796875,40.59247589111328
2023-11-24,188.0167999267578,28.111574172973633,362.67999267578125,145.16619873046875,591.7930297851562,235.4499969482422,250.07542419433594,40.725318908691406
2023-11-27,187.83863830566406,27.950828552246094,361.3399963378906,145.53102111816406,582.3712768554688,236.0800018310547,249.91810607910156,40.8202018737793
2023-11-28,188.44236755371094,27.922462463378906,360.04998779296875,145.60585021972656,582.440185546875,246.72000122070312,248.73802185058594,41.152313232421875
2023-11-29,187.42295837402344,28.65999984741211,358.69000244140625,146.31680297851562,582.6961669921875,244.13999938964844,250.006591796875,41.54133987426758
2023-11-30,187.9969940185547,29.060302734375,360.0,148.32806396484375,581.8887329101562,240.0800018310547,252.41590881347656,42.30992126464844
2023-12-01,189.2737274169922,29.508264541625977,357.07000732421875,150.1896514892578,574.9971923828125,238.8300018310547,252.1897430419922,42.71793746948242
2023-12-04,187.4823455810547,29.37483024597168,356.6600036621094,150.70416259765625,576.61181640625,235.5800018310547,250.213134765625,42.81282424926758
2023-12-05,191.43133544921875,29.146085739135742,355.0299987792969,150.97543334960938,579.0436401367188,238.72000122070312,250.38027954101562,42.21503829956055
2023-12-06,190.3426513671875,29.09842872619629,352.3800048828125,149.9370574951172,580.1265869140625,239.3699951171875,250.0655975341797,42.22452163696289
2023-12-07,192.2725830078125,29.222335815429688,352.70001220703125,149.8809356689453,579.1616821289062,242.63999938964844,251.57017517089844,43.07851028442383
2023-12-08,193.69778442382812,29.508264541625977,353.0799865722656,151.5086669921875,588.790283203125,243.83999633789062,251.49151611328125,43.742706298828125
2023-12-11,191.19375610351562,29.403423309326172,357.05999755859375,152.95863342285156,574.9971923828125,239.74000549316406,252.258544921875,43.647823333740234
2023-12-12,192.70803833007812,29.2985782623291,360.0199890136719,154.08120727539062,575.7061157226562,237.00999450683594,255.24806213378906,44.09379577636719
2023-12-13,195.92465209960938,30.537626266479492,362.0299987792969,153.0615234375,588.248779296875,239.2899932861328,258.021240234375,45.31782913208008
2023-12-14,196.0730743408203,32.34852981567383,358.1199951171875,152.39735412597656,564.787841796875,251.0500030517578,254.4318389892578,47.92720031738281
2023-12-15,195.5386505126953,32.024471282958984,356.5,151.76123046875,563.1830444335938,253.5,253.74343872070312,47.73743438720703
2023-12-18,193.87591552734375,31.862443923950195,359.6499938964844,152.2383575439453,570.7835693359375,252.0800018310547,254.07785034179688,47.120670318603516
2023-12-19,194.91510009765625,31.938695907592773,361.79998779296875,151.1344757080078,570.8327026367188,257.2200012207031,255.67091369628906,47.5286865234375
2023-12-20,192.8268280029297,31.433544158935547,355.3500061035156,149.721923828125,561.38134765625,247.13999938964844,252.83872985839844,46.81703567504883
2023-12-21,192.6783447265625,31.643230438232422,356.1400146484375,150.40480041503906,563.1436157226562,254.5,255.22840881347656,46.92140579223633
2023-12-22,191.60948181152344,31.862443923950195,356.4700012207031,151.6770477294922,561.55859375,252.5399932861328,254.13687133789062,46.66522216796875
2023-12-26,191.0651092529297,32.272281646728516,356.8299865722656,152.67800903320312,561.834228515625,256.6099853515625,254.8546905517578,47.10169219970703
2023-12-27,191.1640625,32.25322341918945,356.95001220703125,152.91188049316406,572.5064697265625,261.44000244140625,254.62852478027344,46.80754852294922
2023-12-28,191.58966064453125,32.291343688964844,357.57000732421875,153.18313598632812,571.8566284179688,253.17999267578125,256.0740966796875,46.94987869262695
2023-12-29,190.55044555664062,32.09119415283203,356.6600036621094,152.99607849121094,573.8945922851562,248.47999572753906,256.0249328613281,46.70317077636719
2024-01-02,183.7313232421875,32.3104133605957,362.4599914550781,151.07833862304688,583.0309448242188,248.4199981689453,254.5695037841797,46.80754852294922
2024-01-03,182.35557556152344,31.95775032043457,366.75,149.76870727539062,608.1360473632812,238.4499969482422,253.69430541992188,46.190792083740234
2024-01-04,180.03965759277344,32.21509552001953,363.67999267578125,150.47964477539062,604.985595703125,237.92999267578125,255.2971954345703,46.76010513305664
2024-01-05,179.31716918945312,32.81555938720703,365.5899963378906,148.88934326171875,608.9729614257812,237.49000549316406,255.37588500976562,47.36737823486328
2024-01-08,183.6521453857422,32.55821228027344,368.17999267578125,150.74156188964844,616.337158203125,240.4499969482422,258.1785583496094,47.36737823486328
2024-01-09,183.2364501953125,32.053070068359375,366.8999938964844,149.75,615.7954711914062,234.9600067138672,258.95538330078125,46.76959228515625
2024-01-10,184.27566528320312,32.024471282958984,367.9200134277344,150.82577514648438,620.4326171875,233.94000244140625,260.1650085449219,46.57032775878906
2024-01-11,183.68182373046875,31.59557342529297,363.3399963378906,151.6957550048828,625.8770141601562,227.22000122070312,259.643798828125,46.53238296508789
2024-01-12,184.00843811035156,31.261987686157227,363.6199951171875,155.10086059570312,632.965576171875,218.88999938964844,259.781494140625,44.97623825073242
2024-01-16,181.74197387695312,30.613868713378906,361.1000061035156,156.18601989746094,624.744873046875,219.91000366210938,260.83367919921875,44.42589569091797
2024-01-17,180.8017578125,30.30887794494629,359.2900085449219,155.36280822753906,619.1724853515625,215.5500030517578,262.20062255859375,44.283565521240234
2024-01-18,186.6905517578125,30.242156982421875,362.3800048828125,156.07373046875,613.6986083984375,211.8800048828125,263.6855163574219,44.06532287597656
2024-01-19,189.5904541015625,30.709182739257812,366.989990234375,160.41432189941406,618.84765625,212.19000244140625,266.399658203125,45.659423828125
2024-01-22,191.896484375,31.023710250854492,368.05999755859375,161.67723083496094,621.1119995117188,208.8000030517578,266.6947021484375,46.04845428466797
2024-01-23,193.1732177734375,31.2333927154541,372.1400146484375,162.71560668945312,619.9305419921875,209.13999938964844,266.753662109375,46.6082878112793
2024-01-24,192.5001983642578,31.433544158935547,376.5899963378906,162.70620727539062,623.8883666992188,207.8300018310547,267.1372375488281,46.95936965942383
2024-01-25,192.173583984375,31.824321746826172,380.8500061035156,178.14146423339844,617.9024658203125,182.6300048828125,268.08123779296875,47.32942581176758
2024-01-26,190.4416046142578,31.862443923950195,385.3999938964844,175.32571411132812,629.352294921875,183.25,263.48883056640625,47.74692153930664
2024-01-29,189.75868225097656,32.03400421142578,383.17999267578125,175.0637969970703,635.0133666992188,190.92999267578125,269.11383056640625,47.775386810302734
2024-01-30,186.1066131591797,33.15867614746094,387.1499938964844,175.74667358398438,634.9937133789062,191.58999633789062,272.54583740234375,48.57243347167969
2024-01-31,182.50405883789062,32.41524887084961,383.739990234375,171.808349609375,635.614013671875,187.2899932861328,268.72052001953125,47.61408615112305
2024-02-01,184.93875122070312,31.976816177368164,386.44000244140625,174.8392791748047,650.2044677734375,188.86000061035156,272.447509765625,46.5629997253418
2024-02-02,183.93914794921875,31.90057373046875,390.75,173.80088806152344,657.312744140625,187.91000366210938,272.5753479003906,46.973876953125
2024-02-05,185.7502899169922,31.443077087402344,390.760009765625,171.58383178710938,695.2658081054688,181.05999755859375,271.0018615722656,46.534339904785156
2024-02-06,187.3536834716797,31.49073600769043,393.739990234375,171.57449340820312,694.1140747070312,185.10000610351562,272.162353515625,46.1425666809082
2024-02-07,187.4625244140625,31.62417221069336,397.6600036621094,171.88319396972656,714.1488647460938,187.5800018310547,274.7486572265625,46.32411193847656
2024-02-08,186.38375854492188,31.566984176635742,397.489990234375,174.03550720214844,724.289306640625,189.55999755859375,271.70428466796875,46.199893951416016
2024-02-09,187.14682006835938,31.51932716369629,398.3599853515625,175.9046173095703,728.699951171875,193.57000732421875,272.3446350097656,45.922794342041016
2024-02-12,185.46212768554688,32.04353332519531,397.7099914550781,175.73471069335938,725.844970703125,188.1300048828125,271.0047912597656,46.74454879760742
2024-02-13,183.3711700439453,31.214330673217773,394.79998779296875,173.41246032714844,731.4664916992188,184.02000427246094,271.73388671875,46.09479522705078
2024-02-14,182.48919677734375,31.576515197753906,398.67999267578125,173.28973388671875,746.891357421875,188.7100067138672,273.45794677734375,46.371891021728516
2024-02-15,182.2018280029297,32.472434997558594,403.45001220703125,176.4049530029297,747.35498046875,200.4499969482422,276.82745361328125,49.72580337524414
2024-02-16,180.66580200195312,32.49150085449219,405.989990234375,177.13182067871094,771.30078125,199.9499969482422,274.4432067871094,49.60158920288086
2024-02-20,179.9225616455078,32.36759567260742,407.1499938964844,173.1670379638672,745.2639770507812,193.75999450683594,271.0835876464844,49.46781539916992
2024-02-21,180.67568969726562,32.11978530883789,409.25,169.636474609375,735.6481323242188,194.77000427246094,272.6698303222656,50.318233489990234
2024-02-22,182.7071990966797,32.03400421142578,415.1600036621094,173.89390563964844,759.0518188476562,197.41000366210938,279.5565185546875,50.99666213989258
2024-02-23,180.8739013671875,32.329463958740234,417.2200012207031,175.3193359375,758.9529418945312,191.97000122070312,279.4087829589844,51.46487045288086
2024-02-26,179.52615356445312,32.03400421142578,409.1400146484375,173.81837463378906,761.3003540039062,199.39999389648438,279.9506530761719,51.72286605834961
2024-02-27,180.98292541503906,32.67258834838867,408.9100036621094,174.51695251464844,754.4755249023438,199.72999572753906,278.985107421875,52.372623443603516
2024-02-28,179.78379821777344,32.701175689697266,412.1400146484375,174.92288208007812,747.2168579101562,202.0399932861328,281.40875244140625,52.28662872314453
2024-02-29,179.11985778808594,33.13310623168945,409.3999938964844,174.6680145263672,743.311279296875,201.8800048828125,278.4629211425781,53.11793518066406
2024-03-01,178.03968811035156,32.96992492675781,407.1099853515625,177.66046142578125,771.3600463867188,202.63999938964844,278.9752197265625,52.61150360107422
2024-03-04,173.5208282470703,33.737789154052734,403.3900146484375,182.248291015625,781.3802490234375,188.13999938964844,276.38409423828125,53.32815933227539
2024-03-05,168.58572387695312,33.9681510925293,400.739990234375,181.20046997070312,766.8923950195312,180.74000549316406,275.2511291503906,54.08302307128906
2024-03-06,167.59474182128906,33.99694061279297,403.9599914550781,185.17469787597656,769.0422973632812,176.5399932861328,276.2856140136719,54.57034683227539
2024-03-07,167.475830078125,34.19850158691406,402.3900146484375,185.53341674804688,769.427001953125,178.64999389648438,274.14764404296875,54.46523666381836
2024-03-08,169.1902313232422,34.169708251953125,403.1499938964844,184.9764404296875,751.6548461914062,175.33999633789062,275.9013366699219,54.53212356567383
2024-03-11,171.19198608398438,34.448055267333984,404.760009765625,180.99276733398438,724.2669067382812,177.77000427246094,276.41363525390625,54.551231384277344
2024-03-12,171.6676788330078,34.51524353027344,404.9800109863281,186.7039794921875,744.5637817382812,177.5399932861328,279.7239990234375,55.0481071472168
2024-03-13,169.5866241455078,34.63043212890625,408.1300048828125,185.68446350097656,747.4140014648438,169.47999572753906,280.9259948730469,55.248775482177734
2024-03-14,171.43975830078125,34.2560920715332,406.7300109863281,182.5975799560547,750.2642822265625,162.5,282.1772155761719,54.818782806396484
2024-03-15,171.06317138671875,33.98734664916992,408.1300048828125,180.36973571777344,743.7945556640625,163.57000732421875,278.8570251464844,54.952552795410156
2024-03-18,172.1532745361328,34.56324005126953,408.4100036621094,180.95501708984375,752.167724609375,173.8000030517578,280.8373107910156,55.200992584228516
2024-03-19,174.49197387695312,34.582435607910156,411.760009765625,182.51263427734375,762.1485595703125,171.32000732421875,283.1033020019531,54.474788665771484
2024-03-20,177.05860900878906,35.27350997924805,416.1099853515625,183.097900390625,762.2274780273438,175.66000366210938,285.0047912597656,54.75189208984375
2024-03-21,169.824462890625,36.00297927856445,413.7799987792969,181.15325927734375,759.6632080078125,172.82000732421875,286.0787048339844,55.277435302734375
2024-03-22,170.72625732421875,35.56145477294922,411.6000061035156,180.15260314941406,760.0083618164062,170.8300018310547,279.07379150390625,54.589454650878906
2024-03-25,169.3091278076172,35.37908935546875,409.9200134277344,178.2174072265625,762.5034790039062,172.6300048828125,277.0540771484375,54.20724105834961
2024-03-26,168.17945861816406,35.599849700927734,411.57000732421875,177.9436798095703,764.2394409179688,177.6699981689453,276.4530944824219,54.15946578979492
2024-03-27,171.7469482421875,36.290924072265625,416.92999267578125,180.1148681640625,767.4741821289062,179.8300018310547,274.8964538574219,55.0481071472168
2024-03-28,169.93345642089844,36.39649963378906,420.5199890136719,180.26589965820312,767.2572021484375,175.7899932861328,274.95550537109375,55.382545471191406
2024-04-01,168.49652099609375,36.0125732421875,420.20001220703125,179.19918823242188,750.0867309570312,175.22000122070312,274.1673583984375,55.0481071472168
2024-04-02,167.3172607421875,35.80141067504883,418.9200134277344,178.30238342285156,753.4498291015625,166.6300048828125,274.3249816894531,54.79967498779297
2024-04-03,168.11996459960938,35.935787200927734,420.239990234375,180.20925903320312,765.3142700195312,168.3800048828125,272.86688232421875,54.589454650878906
2024-04-04,167.29745483398438,35.43667221069336,415.32000732421875,177.41502380371094,757.51318359375,171.11000061035156,269.95062255859375,54.15946578979492
2024-04-05,168.05059814453125,35.619041442871094,418.6199951171875,178.54782104492188,773.4212646484375,164.89999389648438,273.0442199707031,54.84745407104492
2024-04-08,166.9307861328125,35.99337387084961,415.9700012207031,179.18975830078125,766.596435546875,172.97999572753906,273.655029296875,55.2201042175293
2024-04-09,168.13980102539062,36.214134216308594,414.69000244140625,178.7083282470703,746.8223876953125,176.8800048828125,272.63043212890625,55.01945114135742
2024-04-10,166.26683044433594,35.177520751953125,409.1099853515625,175.62142944335938,751.4971313476562,171.75999450683594,270.4234924316406,54.40790557861328
2024-04-11,173.46133422851562,34.88957977294922,407.6099853515625,175.48924255371094,749.139892578125,174.60000610351562,271.60577392578125,54.16902160644531
2024-04-12,174.95774841308594,34.352081298828125,403.260009765625,172.06256103515625,741.2993774414062,171.0500030517578,271.8816223144531,53.95880889892578
2024-04-15,171.132568359375,34.50564956665039,400.260009765625,171.0996856689453,740.4412841796875,161.47999572753906,267.27081298828125,54.43657302856445
2024-04-16,167.8524169921875,33.286678314208984,396.9200134277344,173.45965576171875,736.466796875,157.11000061035156,267.3397216796875,53.90147018432617
2024-04-17,166.48486328125,33.814579010009766,397.739990234375,172.8460693359375,740.4412841796875,155.4499969482422,268.6600036621094,54.63723373413086
2024-04-18,165.5335235595703,34.33287811279297,399.8900146484375,171.30734252929688,735.6876220703125,149.92999267578125,267.3594665527344,56.12786102294922
2024-04-19,163.51190185546875,35.48466491699219,405.0799865722656,171.41119384765625,716.31787109375,147.0500030517578,265.7929992675781,57.666263580322266
2024-04-22,164.34432983398438,36.214134216308594,408.7799987792969,171.71327209472656,721.268798828125,142.0500030517578,268.30523681640625,58.38290786743164
2024-04-23,165.394775390625,36.82841873168945,408.739990234375,171.98703002929688,735.4312133789062,144.67999267578125,270.0589294433594,58.23002624511719
2024-04-24,167.4956512451172,36.78042984008789,405.95001220703125,173.79006958007812,722.1268310546875,162.1300048828125,270.95550537109375,57.9051399230957
2024-04-25,168.3577880859375,36.38690185546875,404.9100036621094,159.4507598876953,714.8976440429688,170.17999267578125,271.093505859375,57.26493453979492
2024-04-26,167.7731475830078,36.31011962890625,402.1000061035156,157.7704315185547,723.4187622070312,168.2899932861328,270.462890625,57.245826721191406
2024-04-29,171.93524169921875,36.0413703918457,400.9599914550781,158.05360412597656,727.05810546875,194.0500030517578,267.8225402832031,57.14072036743164
2024-04-30,168.79383850097656,35.52305603027344,396.7300109863281,156.89248657226562,770.3539428710938,183.27999877929688,264.64019775390625,56.68206787109375
2024-05-01,167.7731475830078,35.46547317504883,398.5799865722656,155.22161865234375,766.0639038085938,179.99000549316406,263.36932373046875,56.87317657470703
2024-05-02,171.469482421875,35.39828109741211,400.6000061035156,155.467041015625,745.510498046875,180.00999450683594,263.6550598144531,57.16939163208008
2024-05-03,181.7261505126953,35.753421783447266,400.8699951171875,156.42996215820312,724.8587036132812,181.19000244140625,264.5220031738281,57.27449417114258
2024-05-06,180.07119750976562,36.17574691772461,404.9200134277344,159.1675567626953,756.1324462890625,184.75999450683594,268.6402893066406,57.51337814331055
2024-05-07,180.7549591064453,36.31971740722656,406.1400146484375,158.95042419433594,767.0698852539062,177.80999755859375,272.37420654296875,57.580265045166016
2024-05-08,181.09190368652344,36.1949462890625,406.3699951171875,160.38528442382812,764.3379516601562,174.72000122070312,273.09344482421875,58.50712585449219
2024-05-09,182.90542602539062,36.742034912109375,408.82000732421875,158.51670837402344,760.9353637695312,171.97000122070312,274.4234924316406,58.891536712646484
2024-05-10,181.64517211914062,36.905208587646484,412.04998779296875,159.35565185546875,749.5443725585938,168.47000122070312,276.59100341796875,59.477760314941406
2024-05-13,184.850341796875,36.67485046386719,411.2200012207031,159.74655151367188,747.2759399414062,171.88999938964844,275.2609558105469,58.872314453125
2024-05-14,185.9915313720703,36.943599700927734,410.239990234375,159.5558624267578,753.4696655273438,177.5500030517578,273.6353759765625,59.477760314941406
2024-05-15,188.26397705078125,37.34672927856445,412.760009765625,160.41387939453125,777.515625,173.99000549316406,277.33978271484375,59.91022491455078
2024-05-16,188.38304138183594,37.64427185058594,413.1199951171875,161.09078979492188,761.8076171875,174.83999633789062,276.2145690917969,58.68011474609375
2024-05-17,188.41281127929688,37.71146011352539,416.94000244140625,161.14797973632812,760.701171875,177.4600067138672,276.4711608886719,58.6993408203125
2024-05-20,189.57383728027344,37.26034164428711,413.0,161.99649047851562,773.7219848632812,174.9499969482422,274.931396484375,58.33414840698242
2024-05-21,190.87379455566406,38.0569953918457,414.3699951171875,165.38092041015625,793.4705810546875,186.60000610351562,272.37493896484375,59.06452560424805
2024-05-22,189.43490600585938,38.162574768066406,413.989990234375,165.59066772460938,793.2136840820312,180.11000061035156,272.00970458984375,58.555179595947266
2024-05-23,185.44577026367188,37.59627914428711,405.8800048828125,162.7115020751953,798.686767578125,173.74000549316406,270.6772766113281,57.35390090942383
2024-05-24,188.52195739746094,38.104984283447266,407.4100036621094,162.92124938964844,797.6790771484375,179.24000549316406,270.933837890625,57.86324691772461
2024-05-28,188.53189086914062,37.740257263183594,403.8999938964844,161.74862670898438,798.10400390625,176.75,267.4693603515625,57.16168975830078
2024-05-29,188.82958984375,37.16436004638672,404.0899963378906,159.26031494140625,801.7295532226562,176.19000244140625,265.3768310546875,56.460147857666016
2024-05-30,189.82191467285156,37.077980041503906,408.6099853515625,157.90652465820312,805.2169189453125,178.7899932861328,267.78515625,56.902217864990234
2024-05-31,190.7745361328125,38.38334274291992,414.3999938964844,159.0696563720703,810.4332885742188,178.0800018310547,268.9301452636719,57.58454895019531
2024-06-03,192.5408935546875,38.27775573730469,414.7900085449219,157.57284545898438,821.2213745117188,176.2899932861328,266.8770751953125,57.02715301513672
2024-06-04,192.85842895507812,38.08578872680664,409.5299987792969,158.078125,822.5352783203125,174.77000427246094,268.8906555175781,56.41210174560547
2024-06-05,194.36676025390625,38.35453796386719,409.8500061035156,159.57493591308594,821.71533203125,175.0,270.9437255859375,56.392879486083984
2024-06-06,192.98744201660156,38.104984283447266,411.0799865722656,160.35667419433594,827.1785888671875,177.94000244140625,273.4508056640625,55.47990417480469
2024-06-07,195.3789520263672,38.41399383544922,413.7200012207031,162.082275390625,839.72509765625,177.47999572753906,275.0597229003906,56.085350036621094
2024-06-10,191.6378631591797,38.30777359008789,410.80999755859375,162.43502807617188,854.5538330078125,173.7899932861328,271.4767761230469,55.6721076965332
2024-06-11,205.56019592285156,37.52559280395508,408.5,161.42446899414062,855.364013671875,170.66000366210938,271.1115417480469,54.90329360961914
2024-06-12,211.43475341796875,38.056705474853516,408.7699890136719,161.119384765625,856.8261108398438,177.2899932861328,266.81787109375,55.06666946411133
2024-06-13,212.5957794189453,37.9118537902832,405.9200134277344,161.23377990722656,872.6625366210938,182.47000122070312,267.6766357421875,55.03783416748047
2024-06-14,210.8592071533203,37.89254379272461,405.5400085449219,161.31959533691406,867.841552734375,178.00999450683594,267.1534729003906,55.16277313232422
2024-06-17,215.00711059570312,38.15326690673828,407.32000732421875,161.5960693359375,874.322265625,187.44000244140625,267.6568908691406,55.970027923583984
2024-06-18,212.6453857421875,38.61679458618164,407.95001220703125,162.59710693359375,880.6943359375,184.86000061035156,270.0751037597656,56.74845886230469
2024-06-20,208.0707550048828,38.61679458618164,409.1499938964844,165.80996704101562,875.2904663085938,181.57000732421875,273.2337341308594,56.66196060180664
2024-06-21,205.89759826660156,38.13396072387695,409.6199951171875,164.41802978515625,873.2059326171875,183.00999450683594,271.6543884277344,55.835479736328125
2024-06-24,206.54261779785156,38.645755767822266,413.9800109863281,166.84915161132812,879.3605346679688,182.5800018310547,272.7204284667969,56.71001434326172
2024-06-25,207.46548461914062,38.027732849121094,410.9700012207031,164.55152893066406,893.685546875,187.35000610351562,269.9862365722656,54.97056198120117
2024-06-26,211.61337280273438,37.6607780456543,410.260009765625,163.85556030273438,890.3760986328125,196.3699951171875,270.0553894042969,54.7879638671875
2024-06-27,212.4568634033203,37.902198791503906,407.95001220703125,162.88311767578125,898.0619506835938,197.4199981689453,263.1361999511719,55.181983947753906
2024-06-28,209.0035400390625,38.40434646606445,406.79998779296875,164.88519287109375,894.4462280273438,197.8800048828125,259.069580078125,57.07520294189453
2024-07-01,215.08651733398438,38.6360969543457,405.19000244140625,166.9349365234375,903.3276977539062,209.86000061035156,259.82958984375,58.228431701660156
2024-07-02,218.57949829101562,39.52450942993164,407.1000061035156,169.03233337402344,895.7601928710938,231.25999450683594,264.7549743652344,58.59362030029297
2024-07-03,219.84967041015625,39.495540618896484,405.7699890136719,167.53555297851562,887.2540283203125,246.38999938964844,265.505126953125,58.29570388793945
2024-07-05,224.6029052734375,39.02236557006836,411.1700134277344,167.81204223632812,903.5252685546875,251.52000427246094,266.8573303222656,57.296234130859375
2024-07-08,226.07159423828125,39.22515106201172,409.0799865722656,169.35650634765625,906.9138793945312,252.94000244140625,262.9486389160156,56.71001434326172
2024-07-09,226.92494201660156,39.9976806640625,410.5199890136719,168.25059509277344,921.2387084960938,262.3299865722656,262.0010986328125,57.54610824584961
2024-07-10,231.19195556640625,40.306697845458984,413.7900085449219,169.54718017578125,928.4307861328125,263.260009765625,259.59271240234375,57.3923454284668
2024-07-11,225.823486328125,40.374290466308594,418.7799987792969,169.99525451660156,922.8588256835938,241.02999877929688,259.14849853515625,57.81519317626953
2024-07-12,228.77069091796875,40.161842346191406,424.44000244140625,174.3044891357422,936.9467163085938,248.22999572753906,262.2972106933594,54.33628463745117
2024-07-15,232.60107421875,40.45154571533203,434.4200134277344,174.35215759277344,938.9818725585938,252.63999938964844,264.9721374511719,55.47990417480469
2024-07-16,233.01785278320312,42.6146240234375,438.8999938964844,177.14552307128906,930.2288818359375,256.55999755859375,265.76177978515625,57.89207458496094
2024-07-17,227.12342834472656,42.46977233886719,445.6099853515625,178.70904541015625,894.6537475585938,248.5,269.16705322265625,58.53596115112305
2024-07-18,222.45950317382812,41.533084869384766,441.82000732421875,176.5830535888672,838.6483154296875,249.22999572753906,265.66302490234375,56.93105697631836
2024-07-19,222.5885009765625,41.42686462402344,434.4700012207031,174.70489501953125,847.1148071289062,239.1999969482422,262.02081298828125,56.92144012451172
2024-07-22,222.2412109375,40.84746170043945,435.9800109863281,175.56292724609375,855.5121459960938,251.50999450683594,264.24169921875,56.8349494934082
2024-07-23,223.2831268310547,40.95368194580078,434.010009765625,175.5152587890625,867.683349609375,246.3800048828125,261.3595275878906,57.34428787231445
2024-07-24,216.86277770996094,40.741241455078125,432.79998779296875,175.43898010253906,849.4957275390625,215.99000549316406,250.87709045410156,57.123252868652344
2024-07-25,215.8208465576172,40.24875259399414,433.2900085449219,183.0277862548828,811.27294921875,220.25,250.4526824951172,57.37312316894531
2024-07-26,216.2872314453125,40.239097595214844,437.6600036621094,182.8085479736328,794.903076171875,219.8000030517578,256.0985412597656,58.036224365234375
2024-07-29,216.56509399414062,39.679012298583984,438.30999755859375,182.57017517089844,798.0347900390625,232.10000610351562,258.21087646484375,57.26741027832031
2024-07-30,217.1208038330078,39.86248779296875,441.260009765625,182.13162231445312,780.6671142578125,222.6199951171875,259.69140625,57.67103958129883
2024-07-31,220.3756103515625,38.92580032348633,438.5,183.1803436279297,794.557373046875,232.07000732421875,262.2281494140625,57.02715301513672
2024-08-01,216.68417358398438,38.14361572265625,431.80999755859375,180.8159942626953,822.38720703125,216.86000061035156,262.4847717285156,54.66303634643555
2024-08-02,218.17266845703125,36.289546966552734,428.3599853515625,180.30116271972656,794.7449951171875,207.6699981689453,263.1263427734375,51.18412780761719
2024-08-05,207.66392517089844,35.3914794921875,413.7200012207031,174.7620849609375,765.897705078125,198.8800048828125,253.11769104003906,50.08855438232422
2024-08-06,205.6395721435547,35.65220260620117,422.1400146484375,178.08937072753906,783.6011962890625,200.63999938964844,254.9141387939453,50.31920623779297
2024-08-07,208.20970153808594,36.0191535949707,427.0199890136719,178.08937072753906,762.8153686523438,191.75999450683594,253.19664001464844,50.25193786621094
2024-08-08,211.67291259765625,36.89791488647461,431.5400085449219,183.62843322753906,835.1016845703125,198.83999633789062,256.4637451171875,50.70361328125
2024-08-09,214.58042907714844,36.96550369262695,431.6700134277344,184.11891174316406,880.9116821289062,200.0,256.9088439941406,51.09095764160156
2024-08-12,216.11038208007812,36.859283447265625,430.3900146484375,182.22434997558594,873.6998901367188,197.49000549316406,257.03741455078125,50.41310501098633
2024-08-13,219.82598876953125,37.13932800292969,432.4100036621094,183.67652893066406,897.083984375,207.8300018310547,257.2747802734375,51.19747543334961
2024-08-14,220.27304077148438,37.47731018066406,438.4700012207031,184.95559692382812,920.4285888671875,201.3800048828125,258.2737121582031,51.96249008178711
2024-08-15,223.25344848632812,37.689754486083984,440.8399963378906,186.52316284179688,921.6158447265625,214.13999938964844,263.87152099609375,52.84370422363281
2024-08-16,224.5747833251953,37.989105224609375,444.510009765625,186.35968017578125,912.2569580078125,216.1199951171875,264.4451904296875,53.57966232299805
2024-08-19,224.4158172607422,38.30777359008789,448.7699890136719,187.27328491210938,911.9503173828125,222.72000122070312,263.5451354980469,54.66422653198242
2024-08-20,225.03176879882812,37.361427307128906,448.3599853515625,188.5235137939453,939.80908203125,221.10000610351562,265.09796142578125,54.37371826171875
2024-08-21,224.92250061035156,37.41936492919922,446.6000061035156,189.65835571289062,941.7876586914062,223.27000427246094,265.2561950683594,53.70554733276367
2024-08-22,223.06471252441406,37.89254379272461,449.0299987792969,188.4562225341797,943.9641723632812,210.66000366210938,264.9990539550781,54.18972396850586
2024-08-23,225.35963439941406,38.40434646606445,453.3800048828125,188.5908660888672,942.5494384765625,220.32000732421875,264.5045471191406,54.90632247924805
2024-08-26,225.69741821289062,38.54918670654297,454.489990234375,190.39886474609375,940.3632202148438,213.2100067138672,265.26611328125,54.92568588256836
2024-08-27,226.5418701171875,38.30777359008789,460.6300048828125,191.12014770507812,944.2708129882812,209.2100067138672,267.7485656738281,54.4802360534668
2024-08-28,225.01193237304688,38.57815933227539,464.5899963378906,190.86048889160156,938.7901611328125,205.75,266.2353210449219,55.26461410522461
2024-08-29,228.29039001464844,38.79060745239258,468.3699951171875,191.2836151123047,930.1436767578125,206.27999877929688,271.3090515136719,55.5357551574707
2024-08-30,227.5055389404297,39.35069274902344,475.9200134277344,194.38995361328125,949.751708984375,214.11000061035156,273.3365173339844,56.620330810546875
2024-09-03,221.31619262695312,39.30241012573242,476.8299865722656,193.57247924804688,946.2990112304688,210.60000610351562,275.48272705078125,56.52348709106445
2024-09-04,219.40872192382812,39.109275817871094,478.57000732421875,196.29412841796875,936.188232421875,219.41000366210938,277.4112548828125,56.28139877319336
2024-09-05,220.92874145507812,38.76163101196289,464.9200134277344,194.8323211669922,902.9871826171875,230.1699981689453,275.5617980957031,55.06126022338867
2024-09-06,219.37893676757812,37.67304229736328,459.4200134277344,193.0531768798828,893.0545043945312,210.72999572753906,276.3035888671875,52.29173278808594
2024-09-09,219.4683380126953,38.363136291503906,459.6099853515625,195.736328125,898.55517578125,216.27000427246094,282.47509765625,52.863067626953125
2024-09-10,218.6735382080078,38.17845916748047,458.9200134277344,197.4578094482422,891.6101684570312,226.1699981689453,282.2080993652344,52.243316650390625
2024-09-11,221.2069091796875,37.90631103515625,453.1000061035156,201.85279846191406,911.0401611328125,228.1300048828125,280.84320068359375,52.030277252197266
2024-09-12,221.31619262695312,37.692481994628906,450.8699951171875,203.50692749023438,925.01904296875,229.80999755859375,282.23773193359375,49.9386100769043
2024-09-13,221.0479736328125,37.566131591796875,447.6099853515625,206.56517028808594,913.8300170898438,230.2899932861328,284.1960144042969,51.110328674316406
2024-09-16,214.9082794189453,38.003509521484375,451.7799987792969,208.84442138671875,913.661865234375,226.77999877929688,287.2916259765625,52.08837890625
2024-09-17,215.37522888183594,38.44089126586914,456.67999267578125,205.93043518066406,896.4874267578125,227.8699951171875,288.35980224609375,52.78559875488281
2024-09-18,219.24978637695312,38.50892639160156,456.6000061035156,206.7094268798828,895.2903442382812,227.1999969482422,285.3135986328125,52.54350280761719
2024-09-19,227.37640380859375,39.723876953125,459.7099914550781,205.6996307373047,905.252685546875,243.9199981689453,282.1091613769531,54.0347900390625
2024-09-20,226.7107391357422,39.14070129394531,455.30999755859375,209.36370849609375,911.6338500976562,238.25,281.644287109375,54.50929641723633
2024-09-23,224.99205017089844,38.75191879272461,454.9800109863281,212.05650329589844,908.695556640625,250.0,285.4619445800781,53.36662673950195
2024-09-24,225.88616943359375,38.343692779541016,454.55999755859375,212.5084991455078,914.542236328125,254.27000427246094,269.785888671875,52.44667434692383
2024-09-25,224.89268493652344,38.1493034362793,452.3599853515625,212.758544921875,914.6709594726562,257.0199890136719,266.6705017089844,51.9140739440918
2024-09-26,226.0352020263672,38.4117317199707,454.17999267578125,214.87429809570312,899.5939331054688,254.22000122070312,268.7078857421875,54.60612106323242
2024-09-27,226.30340576171875,38.29509735107422,457.4700012207031,212.38348388671875,868.4011840820312,260.4599914550781,272.14971923828125,54.13162612915039
2024-09-30,231.47943115234375,38.56724548339844,460.260009765625,212.6143035888672,876.4639892578125,261.6300048828125,271.93212890625,54.70296859741211
2024-10-01,224.7337646484375,38.12014389038086,457.4100036621094,210.95054626464844,875.01953125,258.0199890136719,274.5530090332031,53.637760162353516
2024-10-02,225.30003356933594,38.12986755371094,456.6700134277344,211.3159942626953,881.5390625,249.02000427246094,273.9595947265625,53.55060958862305
2024-10-03,224.197265625,38.1493034362793,452.9599914550781,214.1914825439453,876.0781860351562,240.66000366210938,273.82110595703125,53.2407341003418
2024-10-04,225.3199005126953,38.985191345214844,461.9700012207031,217.3459014892578,877.6709594726562,250.0800018310547,274.8794250488281,55.1580924987793
2024-10-07,220.24325561523438,38.839393615722656,453.5,218.42300415039062,888.7907104492188,240.8300018310547,270.7848815917969,55.351768493652344
2024-10-08,224.296630859375,38.81023406982422,453.79998779296875,219.86557006835938,903.9468383789062,244.5,271.94195556640625,55.48733901977539
2024-10-09,228.04200744628906,39.062950134277344,455.8999938964844,225.3280792236328,909.9024047851562,241.0500030517578,273.890380859375,55.719749450683594
2024-10-10,227.54525756835938,38.849117279052734,454.92999267578125,224.09707641601562,900.9492797851562,238.77000427246094,274.4244384765625,55.92310333251953
2024-10-11,226.06500244140625,40.77358627319336,460.2099914550781,224.32791137695312,922.0907592773438,217.8000030517578,274.7903747558594,59.060604095458984
2024-10-14,229.79054260253906,40.73470687866211,459.9800109863281,226.2512969970703,919.5679931640625,219.16000366210938,277.5992126464844,60.1935920715332
2024-10-15,232.3238983154297,40.9582633972168,462.67999267578125,224.03939819335938,903.5512084960938,219.57000732421875,276.2244567871094,61.03607177734375
2024-10-16,230.2673797607422,41.59974670410156,465.69000244140625,224.72218322753906,906.6179809570312,221.3300018310547,284.3641357421875,61.86886215209961
2024-10-17,230.63497924804688,41.405357360839844,465.8500061035156,223.96243286132812,907.3104858398438,220.88999938964844,287.2026672363281,62.34336471557617
2024-10-18,233.4663848876953,41.13321304321289,464.79998779296875,223.30848693847656,908.1514282226562,220.6999969482422,287.4300842285156,62.32400131225586
2024-10-21,234.93670654296875,40.58891296386719,464.1600036621094,222.87571716308594,896.4381103515625,218.85000610351562,283.70147705078125,61.994747161865234
2024-10-22,234.32077026367188,41.113773345947266,461.45001220703125,223.35658264160156,899.4256591796875,217.97000122070312,281.6640930175781,62.759765625
2024-10-23,229.25404357910156,41.15265655517578,460.6099853515625,223.83741760253906,893.5887451171875,213.64999389648438,280.6454162597656,62.51766586303711
2024-10-24,229.06529235839844,41.45396423339844,457.7699890136719,210.02731323242188,881.7864990234375,260.4800109863281,280.111328125,63.36014938354492
2024-10-25,229.8998260498047,40.71527099609375,454.010009765625,206.44973754882812,883.1517333984375,269.19000244140625,278.6376953125,62.48862075805664
2024-10-28,231.87680053710938,41.42479705810547,458.489990234375,204.75717163085938,886.0108032226562,262.510009765625,281.07073974609375,63.53445053100586
2024-10-29,232.1450653076172,41.33732223510742,454.6199951171875,202.3721160888672,893.915283203125,259.5199890136719,278.7860412597656,63.2342643737793
2024-10-30,228.59837341308594,41.12349319458008,454.9599914550781,197.0538787841797,837.7723999023438,257.54998779296875,286.9751892089844,63.34079360961914
2024-10-31,224.4357147216797,40.64723205566406,450.9200134277344,198.80416870117188,820.8650512695312,249.85000610351562,286.6685791015625,62.86628341674805
2024-11-01,221.4552764892578,40.58891296386719,452.1400146484375,200.2755889892578,810.170654296875,248.97999572753906,287.54876708984375,62.633880615234375
2024-11-04,220.5611572265625,40.17097854614258,442.2900085449219,198.41952514648438,797.5175170898438,242.83999633789062,288.6466064453125,61.684879302978516
2024-11-05,221.9917449951172,40.70555114746094,445.05999755859375,199.62164306640625,797.4383544921875,251.44000244140625,290.0708312988281,62.043174743652344
2024-11-06,221.26651000976562,44.13656234741211,468.8999938964844,205.4207305908203,768.0758056640625,288.5299987792969,304.02593994140625,70.17743682861328
2024-11-07,225.9954376220703,43.514503479003906,460.1300048828125,205.50726318359375,788.9204711914062,296.9100036621094,302.4434509277344,67.61127471923828
2024-11-08,225.7269287109375,43.864418029785156,463.4100036621094,205.5361328125,822.6458129882812,321.2200012207031,304.49078369140625,68.21511840820312
2024-11-11,223.01173400878906,44.78776931762695,467.3599853515625,205.39187622070312,823.5363159179688,350.0,307.5072937011719,70.66946411132812
2024-11-12,223.01173400878906,44.573936462402344,466.2900085449219,204.38381958007812,810.1014404296875,328.489990234375,307.0316467285156,70.70841979980469
2024-11-13,223.89691162109375,44.583656311035156,468.1000061035156,204.44198608398438,803.126953125,330.239990234375,306.6650390625,70.87398529052734
2024-11-14,226.98007202148438,44.61281967163086,467.70001220703125,202.5712432861328,777.8204345703125,311.17999267578125,305.44622802734375,70.90320587158203
2024-11-15,223.77757263183594,45.43898010253906,470.2799987792969,198.69412231445312,739.4412231445312,320.7200012207031,306.82354736328125,72.40308380126953
2024-11-18,226.7811737060547,45.40982437133789,472.20001220703125,201.6988983154297,720.6134033203125,338.739990234375,309.3206481933594,72.15959167480469
2024-11-19,227.0397491455078,45.108516693115234,468.8599853515625,203.79257202148438,723.1204223632812,346.0,309.0134582519531,71.51679229736328
2024-11-20,227.75582885742188,44.768333435058594,468.8299865722656,208.0089569091797,746.5858764648438,342.0299987792969,304.5940246582031,71.66288757324219
2024-11-21,227.27845764160156,45.15711212158203,472.05999755859375,215.5693817138672,743.1275634765625,339.6400146484375,307.0812072753906,72.88032531738281
2024-11-22,228.62109375,45.681968688964844,476.57000732421875,216.12188720703125,741.23486328125,352.55999755859375,307.1010437011719,73.98088073730469
2024-11-25,231.60479736328125,46.16794967651367,477.42999267578125,219.18482971191406,748.16162109375,338.5899963378906,310.3412780761719,74.8963851928711
2024-11-26,233.78292846679688,46.41093826293945,478.55999755859375,221.80191040039062,782.1707153320312,338.2300109863281,308.9837341308594,75.33466339111328
2024-11-27,233.6536102294922,46.43037414550781,483.0799865722656,219.9505615234375,781.0509643554688,332.8900146484375,311.8375244140625,75.19830322265625
2024-11-29,236.0405731201172,46.17766571044922,483.0199890136719,220.425537109375,788.1460571289062,345.1600036621094,312.2140808105469,74.1854019165039
2024-12-02,238.28829956054688,45.72085189819336,477.3299865722656,220.40614318847656,792.5557861328125,357.0899963378906,313.7698059082031,73.31859588623047
2024-12-03,241.33168029785156,45.50701904296875,470.19000244140625,221.96670532226562,805.9632568359375,351.4200134277344,310.1629333496094,72.20829772949219
2024-12-04,241.68971252441406,45.069637298583984,468.32000732421875,226.31878662109375,822.3237915039062,357.92999267578125,307.0812072753906,71.15643310546875
2024-12-05,241.7195587158203,45.681968688964844,470.57000732421875,227.54006958007812,818.1419067382812,369.489990234375,306.2686462402344,71.74081420898438
2024-12-06,241.52064514160156,45.691741943359375,470.5,230.72903442382812,819.2220458984375,389.2200012207031,308.18109130859375,72.39334869384766
2024-12-09,245.40940856933594,44.87075424194336,463.8699951171875,222.9359588623047,796.3014526367188,389.7900085449219,305.4957580566406,70.72789764404297
2024-12-10,246.4238739013672,44.714378356933594,462.489990234375,224.6031494140625,792.3378295898438,400.989990234375,309.53863525390625,70.1727523803711
2024-12-11,245.1508331298828,45.03691101074219,461.3900146484375,223.0522918701172,788.8199462890625,424.7699890136719,310.93585205078125,69.7344741821289
2024-12-12,246.61282348632812,45.03691101074219,458.6300048828125,225.12655639648438,775.2638549804688,418.1000061035156,311.371826171875,68.95531463623047
2024-12-13,246.7819061279297,44.636192321777344,457.8999938964844,223.7307891845703,781.9725341796875,436.2300109863281,311.8771667480469,68.60470581054688
2024-12-16,249.67608642578125,44.44071960449219,455.20001220703125,222.28656005859375,771.9442138671875,463.0199890136719,313.0167236328125,70.10458374023438
2024-12-17,252.1028289794922,44.03022384643555,455.6600036621094,221.93760681152344,771.5675659179688,479.8599853515625,315.40478515625,68.96505737304688
2024-12-18,246.7023468017578,42.51531219482422,446.5899963378906,213.40789794921875,757.7836303710938,440.1300048828125,306.9622802734375,66.96847534179688
2024-12-19,248.432861328125,42.398033142089844,449.3399963378906,217.04270935058594,750.6785278320312,436.1700134277344,312.0158996582031,67.0561294555664
2024-12-20,253.10736083984375,43.17014694213867,453.20001220703125,216.49990844726562,760.8060302734375,421.05999755859375,314.82012939453125,68.5073013305664
2024-12-23,253.8831024169922,42.896484375,454.3500061035156,215.1138153076172,789.0676879882812,430.6000061035156,314.3345947265625,68.70209503173828
2024-12-24,256.79718017578125,43.375389099121094,458.6600036621094,217.5176544189453,788.463134765625,462.2799987792969,317.7333679199219,69.7247314453125
2024-12-26,257.6127014160156,43.541542053222656,459.0799865722656,217.98292541503906,786.947021484375,454.1300048828125,317.9910888671875,69.89030456542969
2024-12-27,254.20138549804688,43.33629608154297,456.510009765625,215.93772888183594,776.076416015625,431.6600036621094,315.7615051269531,69.25724792480469
2024-12-30,250.8297882080078,42.91603088378906,452.1600036621094,213.4854278564453,766.8308715820312,417.4100036621094,312.4419860839844,68.57548522949219
2024-12-31,249.0594482421875,42.95512390136719,453.2799987792969,213.0783233642578,765.007568359375,403.8399963378906,313.1653747558594,68.409912109375
2025-01-02,242.52517700195312,43.28742980957031,451.1000061035156,213.18495178222656,771.0226440429688,379.2799987792969,311.54022216796875,68.36121368408203
2025-01-03,242.03782653808594,43.795658111572266,453.55999755859375,215.8117218017578,774.8971557617188,410.44000244140625,312.04559326171875,69.45203399658203
2025-01-06,243.66893005371094,44.37230682373047,451.4100036621094,215.8311004638672,758.1700439453125,411.04998779296875,310.1926574707031,70.15325927734375
2025-01-07,240.89407348632812,45.03691101074219,452.9200134277344,217.0814971923828,766.285888671875,394.3599853515625,308.8351135253906,69.7247314453125
2025-01-08,241.38140869140625,45.16396713256836,451.8399963378906,216.325439453125,780.0897216796875,394.94000244140625,309.75665283203125,69.70526123046875
2025-01-10,235.56320190429688,44.0888671875,442.6600036621094,213.0007781982422,792.6549072265625,394.739990234375,304.9111633300781,68.13719940185547
2025-01-13,233.12648010253906,44.03999710083008,443.9100036621094,210.7229461669922,790.2567749023438,403.30999755859375,304.1283264160156,68.69235229492188
2025-01-14,232.0125732421875,44.74370193481445,450.0299987792969,211.06219482421875,738.1629028320312,396.3599853515625,306.278564453125,69.33515930175781
2025-01-15,236.57765197753906,46.03382110595703,458.510009765625,213.27218627929688,739.976318359375,428.2200012207031,313.40313720703125,73.97113800048828
2025-01-16,227.0198516845703,45.584232330322266,462.80999755859375,215.8214111328125,750.738037109375,413.82000732421875,314.36431884765625,73.97113800048828
2025-01-17,228.7305145263672,45.476722717285156,467.95001220703125,217.885986328125,719.146728515625,426.5,316.7127990722656,75.07170104980469
2025-01-21,221.43038940429688,45.60377883911133,468.57000732421875,217.3722686767578,735.6260986328125,424.07000732421875,320.6863098144531,75.8216323852539
2025-01-22,222.6139373779297,44.753475189208984,460.510009765625,216.40296936035156,747.1507568359375,415.1099853515625,320.616943359375,75.51970672607422
2025-01-23,222.44485473632812,45.33989334106445,459.8299865722656,219.0975799560547,759.6564331054688,412.3800048828125,325.224609375,75.4125747680664
2025-01-24,221.56964111328125,45.466949462890625,463.19000244140625,217.89569091796875,778.2960205078125,406.5799865722656,327.1965637207031,75.3054428100586
2025-01-27,228.6111602783203,46.024044036865234,474.70001220703125,217.2462615966797,800.8500366210938,397.1499938964844,331.4971008300781,75.9092788696289
2025-01-28,236.9655303955078,45.77970504760742,469.9700012207031,218.72927856445312,797.6987915039062,398.0899963378906,331.4376220703125,75.85084533691406
2025-01-29,238.05953979492188,45.691741943359375,469.260009765625,221.60806274414062,796.7969970703125,389.1000061035156,332.8249206542969,76.32808685302734
2025-01-30,236.2991485595703,45.66242599487305,472.3500061035156,250.33770751953125,815.7734985351562,400.2799987792969,339.9296875,76.76636505126953
2025-01-31,234.71778869628906,45.25192642211914,468.6700134277344,247.8466339111328,803.733642578125,404.6000061035156,338.6910400390625,76.74687957763672
2025-02-03,226.77122497558594,45.16396713256836,464.6099853515625,252.72215270996094,803.0894775390625,383.67999267578125,342.6744689941406,76.10407257080078
2025-02-04,231.53518676757812,45.65264892578125,467.489990234375,256.3376159667969,818.5878295898438,392.2099914550781,342.01055908203125,77.39942169189453
2025-02-05,231.2069854736328,46.0435905456543,473.7300109863281,255.2132110595703,834.552001953125,378.1700134277344,346.2615661621094,77.96431732177734
2025-02-06,231.9529266357422,46.659332275390625,477.2200012207031,245.65606689453125,862.4865112304688,374.32000732421875,344.3193664550781,79.29861450195312
2025-02-07,226.39329528808594,46.327030181884766,472.739990234375,244.58982849121094,870.3546752929688,361.6199951171875,344.85443115234375,78.9560546875
2025-02-10,226.66209411621094,45.61355209350586,470.1700134277344,243.22381591796875,861.0100708007812,350.7300109863281,348.0352783203125,77.4194107055664
2025-02-11,231.61053466796875,45.730838775634766,472.6099853515625,248.5220947265625,857.1652221679688,328.5,348.1146545410156,77.94793701171875
2025-02-12,235.8420867919922,45.16396713256836,471.7300109863281,249.60516357421875,865.06298828125,336.510009765625,348.8789367675781,77.56623077392578
2025-02-13,240.48187255859375,45.281253814697266,480.489990234375,252.9031982421875,863.9630737304688,355.94000244140625,352.9881896972656,77.17472076416016
2025-02-14,243.53855895996094,45.89698791503906,479.5899963378906,254.9425048828125,838.0648803710938,355.8399963378906,351.1817321777344,78.28072357177734
2025-02-18,243.40911865234375,45.476722717285156,482.82000732421875,256.6891174316406,850.8998413085938,354.1099853515625,354.0800476074219,79.06371307373047
2025-02-19,243.807373046875,44.9684944152832,483.7699890136719,257.9087829589844,860.677490234375,360.55999755859375,352.5911865234375,78.6428451538086
2025-02-20,244.76319885253906,44.274566650390625,481.79998779296875,258.3185729980469,866.7028198242188,354.3999938964844,347.8863525390625,76.95938873291016
2025-02-21,244.4844207763672,43.795658111572266,478.739990234375,255.1376495361328,867.2587280273438,337.79998779296875,345.94091796875,75.85340118408203
2025-02-24,246.0277099609375,43.45357894897461,498.4200134277344,255.51820373535156,874.9219970703125,330.5299987792969,347.2610778808594,75.57935333251953
2025-02-25,245.9679718017578,42.945350646972656,499.82000732421875,251.49813842773438,895.1719970703125,302.79998779296875,349.4745178222656,74.3852767944336
2025-02-26,239.31695556640625,42.945350646972656,494.1000061035156,249.63442993164062,908.284912109375,290.79998779296875,348.02532958984375,74.8257064819336
2025-02-27,236.27023315429688,43.121273040771484,502.4100036621094,247.08775329589844,898.5072631835938,281.95001220703125,353.0973815917969,74.99210357666016
2025-02-28,240.79052734375,45.056453704833984,513.8300170898438,246.31690979003906,913.8637084960938,292.9800109863281,360.015625,76.65597534179688
2025-03-03,236.9970703125,44.528682708740234,510.0799865722656,244.12149047851562,922.8868408203125,284.6499938964844,359.1322326660156,75.39339447021484
2025-03-04,234.9061737060547,41.704097747802734,495.8599853515625,247.06825256347656,904.3639526367188,272.0400085449219,349.6134948730469,71.74264526367188
2025-03-05,234.7169952392578,41.332698822021484,498.5,245.25335693359375,922.8868408203125,279.1000061035156,350.06011962890625,72.58436584472656
2025-03-06,234.30877685546875,40.52149200439453,497.8399963378906,242.6578826904297,906.051513671875,263.45001220703125,341.6034240722656,71.10645294189453
2025-03-07,238.03256225585938,40.71820068359375,495.6199951171875,255.1962127685547,863.1889038085938,262.6700134277344,342.7547912597656,69.54045104980469
2025-03-10,226.4928436279297,39.17405319213867,497.1000061035156,250.66873168945312,823.6615600585938,222.14999389648438,338.9433288574219,65.36116790771484
2025-03-11,219.88165283203125,38.957679748535156,496.25,242.91156005859375,818.0033569335938,230.5800018310547,329.6726989746094,65.85054016113281
2025-03-12,216.03842163085938,39.25273513793945,495.94000244140625,243.5750732421875,815.819580078125,248.08999633789062,330.36749267578125,67.46549224853516
2025-03-13,208.7700958251953,39.016685485839844,504.25,239.83798217773438,795.7581787109375,240.67999267578125,326.109375,67.00546264648438
2025-03-14,212.5635528564453,40.21659469604492,514.5999755859375,242.3261260986328,807.5011596679688,249.97999572753906,329.335205078125,69.34468841552734
2025-03-17,213.0713653564453,40.757537841796875,523.010009765625,246.83407592773438,818.6982421875,238.00999450683594,332.0647888183594,69.33489990234375
2025-03-18,211.7670440673828,40.964080810546875,523.1400146484375,240.96006774902344,816.46484375,225.30999755859375,332.28314208984375,69.59916687011719
2025-03-19,214.30596923828125,41.514854431152344,525.27001953125,246.17056274414062,830.8582763671875,235.86000061035156,337.3452453613281,71.21411895751953
2025-03-20,213.17091369628906,41.78041076660156,528.72998046875,237.4181365966797,836.3773803710938,236.25999450683594,336.97802734375,70.97920227050781
2025-03-21,217.32281494140625,41.77057647705078,521.9099731445312,237.95477294921875,831.4141845703125,248.7100067138672,333.16656494140625,70.97920227050781
2025-03-24,219.77215576171875,42.360694885253906,525.8499755859375,242.42369079589844,858.543212890625,278.3900146484375,341.3155822753906,72.70182037353516
2025-03-25,222.779052734375,42.567237854003906,528.8699951171875,243.83851623535156,846.08544921875,288.1400146484375,342.05999755859375,72.66266632080078
2025-03-26,220.56866455078125,42.114810943603516,533.2100219726562,244.26785278320312,820.6836547851562,272.05999755859375,341.6232604980469,71.90902709960938
2025-03-27,222.87860107421875,41.85909652709961,534.52001953125,240.23802185058594,815.6309814453125,273.1300048828125,347.2610778808594,70.74431610107422
2025-03-28,216.95440673828125,40.5706672668457,526.3099975585938,238.0816192626953,816.46484375,263.54998779296875,340.3031311035156,69.1880874633789
2025-03-31,221.1660614013672,41.042762756347656,532.5800170898438,242.6286163330078,819.8397827148438,259.1600036621094,347.8565979003906,70.26472473144531
2025-04-01,222.22146606445312,40.80671691894531,532.989990234375,244.26785278320312,799.311767578125,268.4599914550781,343.7771301269531,69.794921875
2025-04-02,222.91842651367188,41.16078567504883,537.719970703125,243.9165802001953,812.206298828125,282.760009765625,343.75726318359375,70.7247314453125
2025-04-03,202.30825805664062,36.60703659057617,530.1599731445312,237.58401489257812,783.2904052734375,267.2799987792969,336.86883544921875,64.27474975585938
2025-04-04,187.56253051757812,33.82364273071289,493.5400085449219,221.9623260498047,732.7843627929688,239.42999267578125,310.80389404296875,59.68439865112305
2025-04-07,180.6725616455078,34.99404525756836,490.3800048828125,220.30357360839844,718.4107666015625,233.2899932861328,309.99993896484375,60.8491096496582
2025-04-08,171.6717987060547,34.453102111816406,492.6400146484375,215.66879272460938,720.9024047851562,221.86000061035156,305.9800109863281,60.76103210449219
2025-04-09,197.98709106445312,36.53818893432617,521.4099731445312,229.60240173339844,748.1704711914062,272.20001220703125,329.9605712890625,64.92073059082031
2025-04-10,189.59365844726562,35.25959396362305,515.8099975585938,223.98211669921875,715.6114501953125,252.39999389648438,322.1986083984375,61.76914596557617
2025-04-11,197.29013061523438,35.35795593261719,524.1099853515625,229.76828002929688,727.0269165039062,252.30999755859375,330.9233093261719,61.181884765625
2025-04-14,201.6411590576172,36.06609344482422,529.52001953125,233.26145935058594,748.8056640625,252.35000610351562,332.69012451171875,61.75935363769531
2025-04-15,201.2628173828125,37.364356994628906,528.1699829101562,234.86166381835938,751.6149291992188,254.11000061035156,333.3154602050781,63.168758392333984
2025-04-16,193.4269561767578,36.71522903442383,516.4500122070312,232.78335571289062,729.4987182617188,241.5500030517578,328.86871337890625,62.62065887451172
2025-04-17,196.1251983642578,36.793907165527344,518.2100219726562,233.0175018310547,833.7865600585938,241.3699951171875,327.1614990234375,63.33514404296875
2025-04-21,192.32176208496094,36.31197738647461,506.9200134277344,230.49032592773438,812.0078125,227.5,317.7221374511719,62.650020599365234
2025-04-22,198.8732452392578,37.68892288208008,520.7899780273438,235.0568084716797,821.4578247070312,237.97000122070312,328.9382019042969,64.8228530883789
2025-04-23,203.71214294433594,38.111839294433594,526.8099975585938,239.52572631835938,823.3240356445312,250.74000549316406,331.8861389160156,66.49652099609375
2025-04-24,207.4657745361328,38.92817306518555,531.6400146484375,223.76747131347656,853.4111938476562,259.510009765625,333.2161560058594,68.08209228515625
2025-04-25,208.37181091308594,39.03635787963867,530.9600219726562,226.77276611328125,878.0388793945312,284.95001220703125,332.6802062988281,68.24848937988281
2025-04-28,209.22811889648438,39.124874114990234,530.9400024414062,230.43179321289062,870.8421630859375,285.8800048828125,335.0028076171875,67.95486450195312
2025-04-29,210.29345703125,39.3314208984375,534.5700073242188,233.58346557617188,878.6940307617188,292.0299987792969,338.9830322265625,69.5893783569336
2025-04-30,211.57785034179688,39.22323226928711,533.25,235.95452880859375,892.343017578125,282.1600036621094,342.9334411621094,69.50128936767578
2025-05-01,212.39430236816406,39.508453369140625,530.22998046875,233.84689331054688,788.2634887695312,280.5199890136719,339.9061279296875,70.28429412841797
2025-05-02,204.45889282226562,40.39363098144531,539.7999877929688,239.5940399169922,817.566650390625,287.2099914550781,345.0178527832031,72.23202514648438
2025-05-05,198.02691650390625,40.442806243896484,512.1500244140625,243.135986328125,815.4224853515625,280.260009765625,346.0501708984375,72.28095245361328
2025-05-06,197.64857482910156,40.167423248291016,512.3300170898438,243.07742309570312,769.4230346679688,275.3500061035156,345.11712646484375,71.91881561279297
2025-05-07,195.39837646484375,40.25593948364258,518.219970703125,247.22434997558594,771.0112915039062,276.2200012207031,347.2511291503906,71.62518310546875
2025-05-08,196.63299560546875,40.91490173339844,513.25,247.97567749023438,745.9270629882812,284.82000732421875,348.66058349609375,71.75242614746094
2025-05-09,197.66847229003906,41.101776123046875,513.739990234375,244.77359008789062,729.1710815429688,298.260009765625,349.9211730957031,71.29972839355469
2025-05-12,210.15048217773438,42.64591598510742,514.2999877929688,249.183837890625,750.016845703125,318.3800048828125,353.2065734863281,73.69114685058594
2025-05-13,212.28399658203125,43.5507698059082,511.8800048828125,253.99679565429688,740.5767211914062,334.07000732421875,354.0815124511719,74.78352355957031
2025-05-14,211.6858367919922,44.00319290161133,503.3999938964844,253.240478515625,710.30078125,347.67999267578125,354.3996276855469,75.06892395019531
2025-05-15,210.80850219726562,43.64912033081055,507.3299865722656,261.9430847167969,727.9005126953125,342.82000732421875,360.2059020996094,74.3898696899414
2025-05-16,210.6190643310547,43.95401382446289,514.3099975585938,262.0216979980469,753.3644409179688,349.9800109863281,363.00958251953125,74.97051239013672
2025-05-19,208.14659118652344,44.03269577026367,512.3900146484375,263.6423645019531,751.0966186523438,342.0899963378906,365.77349853515625,74.85240936279297
2025-05-20,206.232421875,43.95401382446289,508.739990234375,262.20831298828125,743.0396728515625,343.82000732421875,364.7196350097656,74.32099151611328
2025-05-21,201.47689819335938,42.5377311706543,507.0299987792969,256.2362976074219,721.096923828125,334.6199951171875,356.22900390625,72.02798461914062
2025-05-22,200.7490997314453,42.596744537353516,503.57000732421875,253.7806854248047,711.3987426757812,341.0400085449219,355.9009094238281,72.22480010986328
2025-05-23,194.67758178710938,42.488555908203125,503.4599914550781,254.0360870361328,709.9166870117188,339.3399963378906,351.49652099609375,71.67369842529297
2025-05-27,199.60260009765625,43.49176025390625,509.1600036621094,258.55438232421875,721.365478515625,362.8900146484375,357.22320556640625,72.81527709960938
2025-05-28,199.8119659423828,43.33439254760742,503.1099853515625,255.61746215820312,715.5664672851562,356.8999938964844,357.6507568359375,72.55941009521484
2025-05-29,199.3433837890625,43.51142883300781,506.17999267578125,254.09503173828125,718.7295532226562,358.42999267578125,360.3052978515625,73.3270263671875
2025-05-30,200.24066162109375,43.40324020385742,503.9599914550781,254.45843505859375,733.749267578125,346.4599914550781,363.0791931152344,73.59273529052734
2025-06-02,201.08807373046875,43.35406494140625,502.80999755859375,259.21246337890625,743.1490478515625,342.69000244140625,363.2084655761719,73.53369140625
2025-06-03,202.6533203125,43.914676666259766,497.8299865722656,260.4894104003906,746.7896728515625,344.2699890136719,363.74530029296875,74.44892120361328
2025-06-04,202.2046661376953,43.629451751708984,491.0,260.8036804199219,761.7695922851562,332.04998779296875,365.8729553222656,74.1832046508789
2025-06-05,200.0213165283203,43.64912033081055,488.739990234375,262.1199035644531,761.6104125976562,284.70001220703125,364.6500244140625,73.71083068847656
2025-06-06,203.30133056640625,44.490047454833984,493.5299987792969,264.0942077636719,765.7880249023438,295.1400146484375,368.0801086425781,75.11813354492188
2025-06-09,200.8388214111328,44.39111328125,493.3299865722656,267.2471618652344,769.5977783203125,308.5799865722656,364.54071044921875,75.24606323242188
2025-06-10,202.0551300048828,44.608768463134766,491.1300048828125,271.3332824707031,802.8997802734375,326.0899963378906,368.557373046875,74.25209045410156
2025-06-11,198.1769256591797,44.25260925292969,488.1400146484375,276.5195007324219,804.3121948242188,326.42999267578125,371.1522521972656,73.7403564453125
2025-06-12,198.5956573486328,44.14378356933594,490.3399963378906,276.0382080078125,807.714111328125,319.1099853515625,369.2532653808594,72.83496856689453
2025-06-13,195.85400390625,43.619441986083984,487.5400085449219,272.2958679199219,815.005126953125,325.30999755859375,350.8105163574219,71.2111587524414
2025-06-16,197.81802368164062,43.9360237121582,490.2300109863281,276.823974609375,803.2877197265625,329.1300048828125,353.4253234863281,71.98861694335938
2025-06-17,195.04644775390625,43.7579460144043,483.4800109863281,278.0223083496094,787.0345458984375,316.3500061035156,355.7716369628906,71.34893798828125
2025-06-18,195.98361206054688,44.57908630371094,485.1400146484375,278.1794738769531,780.8576049804688,322.04998779296875,338.41259765625,73.5533676147461
2025-06-20,200.39019775390625,45.0143928527832,484.8500061035156,275.9792785644531,758.6760864257812,322.1600036621094,336.6130676269531,74.20289611816406
2025-06-23,200.888671875,45.80585479736328,487.7699890136719,284.0434265136719,766.5440673828125,348.67999267578125,341.76312255859375,75.7873306274414
2025-06-24,199.69232177734375,46.162010192871094,493.4800109863281,288.5715637207031,773.944580078125,340.4700012207031,349.5975646972656,76.86986541748047
2025-06-25,200.948486328125,46.34998321533203,486.2099914550781,285.8900146484375,788.0889282226562,327.54998779296875,343.264404296875,77.81462097167969
2025-06-26,200.39019775390625,46.95347213745117,485.04998779296875,286.74456787109375,790.8939208984375,325.7799987792969,344.02996826171875,78.69049835205078
2025-06-27,200.469970703125,46.617103576660156,485.67999267578125,284.5542297363281,771.3284912109375,323.6300048828125,346.5950012207031,78.23779296875
2025-06-30,204.54754638671875,46.81496810913086,485.7699890136719,289.5439453125,775.3868408203125,317.6600036621094,352.9977722167969,78.84796142578125
2025-07-01,207.18951416015625,47.636112213134766,489.6099853515625,286.0275573730469,771.776123046875,300.7099914550781,353.41534423828125,80.19620513916016
2025-07-02,211.7954864501953,48.19013214111328,480.4800109863281,282.5406188964844,775.13818359375,315.6499938964844,352.1725769042969,81.0523910522461
2025-07-03,212.90211486816406,48.40778732299805,485.0,286.78387451171875,776.520751953125,315.3500061035156,356.7857666015625,82.272705078125
2025-07-07,209.3130340576172,48.14066696166992,478.0299987792969,287.2749938964844,768.76220703125,293.94000244140625,354.57861328125,81.03270721435547
2025-07-08,209.37286376953125,46.64678192138672,477.4700012207031,285.26141357421875,773.5267333984375,297.80999755859375,352.50067138671875,80.29460906982422
2025-07-09,210.4994354248047,46.340091705322266,478.9100036621094,284.9864196777344,782.7374877929688,295.8800048828125,355.6921691894531,80.49144744873047
2025-07-10,211.76559448242188,46.46870422363281,478.2699890136719,282.32452392578125,786.4476928710938,309.8699951171875,353.822998046875,81.0523910522461
2025-07-11,210.5193634033203,46.23126220703125,475.8599853515625,278.552734375,788.795166015625,313.510009765625,345.9189758300781,81.2393798828125
2025-07-14,207.98707580566406,46.56763458251953,476.30999755859375,278.7491760253906,795.091552734375,316.8999938964844,348.4740905761719,82.10540771484375
2025-07-15,208.47560119628906,45.65745544433594,470.1300048828125,277.6785583496094,767.6481323242188,310.7799987792969,345.01422119140625,77.60795593261719
2025-07-16,209.52239990234375,45.538734436035156,471.30999755859375,276.91241455078125,785.6022338867188,321.6700134277344,347.8775634765625,78.64128875732422
2025-07-17,209.38282775878906,46.51816940307617,473.3999938964844,276.990966796875,757.4525756835938,319.4100036621094,347.7881164550781,78.4444580078125
2025-07-18,210.539306640625,46.81496810913086,473.79998779296875,280.792236328125,767.6083984375,329.6499938964844,347.032470703125,79.35969543457031
2025-07-21,211.8353729248047,46.97325897216797,474.4100036621094,279.6528015136719,758.1290283203125,328.489990234375,348.9115905761719,79.00541687011719
2025-07-22,213.74952697753906,47.26016616821289,478.1300048828125,276.9516906738281,772.3131713867188,332.1099853515625,349.82623291015625,81.07206726074219
2025-07-23,213.50030517578125,47.62621307373047,482.6300048828125,277.0008239746094,794.6439208984375,332.55999755859375,353.2364196777344,82.3711166381836
2025-07-24,213.11148071289062,47.8735466003418,480.6000061035156,255.88270568847656,801.149169921875,305.29998779296875,351.9240417480469,82.53842163085938
2025-07-25,213.2311248779297,47.93290710449219,484.07000732421875,255.10671997070312,808.37060546875,316.05999755859375,354.9762878417969,82.98126983642578
2025-07-28,213.40061950683594,47.71525573730469,481.70001220703125,258.53472900390625,803.8148803710938,325.5899963378906,353.41534423828125,81.75111389160156
2025-07-29,210.62904357910156,47.4382438659668,476.55999755859375,257.74896240234375,758.8949584960938,321.20001220703125,349.2595520019531,81.33778381347656
2025-07-30,208.415771484375,47.44813537597656,476.0,255.63714599609375,756.0401611328125,319.0400085449219,348.8817443847656,80.48159790039062
2025-07-31,206.94027709960938,46.765499114990234,471.8800048828125,248.65341186523438,736.136474609375,308.2699890136719,343.4731750488281,79.349853515625
2025-08-01,201.76600646972656,45.17268371582031,472.8399963378906,245.60848999023438,758.2782592773438,302.6300048828125,337.3885498046875,76.54510498046875
2025-08-04,202.7330780029297,45.36065673828125,459.1099853515625,247.5041961669922,764.9127807617188,309.260009765625,340.17236328125,76.3482894897461
2025-08-05,202.3043670654297,45.073753356933594,464.19000244140625,246.21746826171875,761.8790283203125,308.7200012207031,335.4796447753906,76.72225189208984
2025-08-06,212.60302734375,44.935245513916016,468.9100036621094,247.7988739013672,742.4030151367188,319.9100036621094,337.7762756347656,76.3778076171875
2025-08-07,219.36245727539062,44.44057846069336,461.4700012207031,245.71653747558594,637.453857421875,322.2699890136719,330.1705017089844,75.82670593261719
2025-08-08,228.6541748046875,45.51894760131836,465.3999938964844,239.5756072998047,622.32470703125,329.6499938964844,334.8333740234375,77.06407928466797
2025-08-11,226.747802734375,45.66735076904297,464.7300109863281,233.6719970703125,631.84375,339.0299987792969,333.95849609375,76.80669403076172
2025-08-12,229.21310424804688,46.99304962158203,470.3900146484375,232.1590118408203,636.0314331054688,340.8399963378906,335.3827209472656,78.67762756347656
2025-08-13,232.88612365722656,46.73582458496094,477.30999755859375,237.40008544921875,656.9794921875,339.3800048828125,341.1692810058594,77.10367584228516
2025-08-14,232.337158203125,47.2008056640625,479.2200012207031,234.4729766845703,680.792236328125,335.5799865722656,344.0974426269531,78.60833740234375
2025-08-15,231.1494140625,46.439022064208984,477.20001220703125,237.053955078125,699.0349731445312,330.55999755859375,343.0815734863281,76.32164764404297
2025-08-18,230.4507598876953,47.40856170654297,478.5199890136719,236.78695678710938,695.8648681640625,335.1600036621094,341.3585205078125,76.65821838378906
2025-08-19,230.1213836669922,47.56686019897461,485.30999755859375,238.59661865234375,701.0088500976562,329.30999755859375,341.0697326660156,76.74730682373047
2025-08-20,225.5800323486328,47.8339729309082,488.67999267578125,239.85247802734375,703.2318115234375,323.8999938964844,342.5437316894531,77.3709487915039
2025-08-21,224.47215270996094,47.74493408203125,488.5899963378906,236.7375030517578,707.5980834960938,320.1099853515625,342.3046875,77.04428100585938
2025-08-22,227.3267059326172,48.95191192626953,489.0,239.39759826660156,709.4522094726562,340.010009765625,348.6291198730469,78.30145263671875
2025-08-25,226.72784423828125,48.95191192626953,486.17999267578125,236.76718139648438,693.1535034179688,346.6000061035156,347.4140319824219,79.38045501708984
2025-08-26,228.87376403808594,49.71369934082031,492.2099914550781,239.93161010742188,733.72607421875,351.6700134277344,349.7644958496094,80.6871337890625
2025-08-27,230.05152893066406,49.84231185913086,495.7200012207031,242.11700439453125,731.871826171875,349.6000061035156,348.9378662109375,81.66712951660156
2025-08-28,232.11758422851562,49.951133728027344,499.8599853515625,242.9971160888672,729.6688232421875,345.9800109863281,348.4498291015625,81.15238952636719
2025-08-29,231.69837951660156,50.19847106933594,502.9800109863281,240.78204345703125,730.286865234375,333.8699951171875,350.36212158203125,81.3503646850586
2025-09-02,229.28298950195312,49.88187789916992,501.1400146484375,238.8141632080078,732.8886108398438,329.3599853515625,348.65899658203125,80.95439910888672
2025-09-03,238.01634216308594,49.525726318359375,501.489990234375,241.38525390625,735.5203857421875,334.0899963378906,349.45574951171875,79.69722747802734
2025-09-04,239.32383728027344,50.07974624633789,506.9100036621094,244.43099975585938,740.58447265625,338.5299987792969,349.5752868652344,81.00389862060547
2025-09-05,239.2340087890625,49.5126953125,499.7699890136719,245.76597595214844,724.9336547851562,350.8399963378906,341.83660888671875,78.16287231445312
2025-09-08,237.42745971679688,49.20429611206055,493.7799987792969,253.2418975830078,736.327880859375,346.3999938964844,340.9202880859375,78.34105682373047
2025-09-09,233.9041748046875,50.030006408691406,492.7200012207031,256.2283020019531,748.2603759765625,346.9700012207031,342.6034851074219,79.9447021484375
2025-09-10,226.35855102539062,49.87083435058594,490.0799865722656,254.0231170654297,752.2578125,347.7900085449219,336.7571716308594,79.48934173583984
2025-09-11,229.59239196777344,50.48762893676758,496.9100036621094,254.15167236328125,753.9127197265625,368.80999755859375,342.1054992675781,80.42974853515625
2025-09-12,233.6247100830078,50.31850814819336,493.739990234375,250.62136840820312,753.0254516601562,395.94000244140625,338.0618896484375,80.63762664794922
2025-09-15,236.24969482421875,50.32845687866211,491.5400085449219,253.39022827148438,745.8480224609375,410.0400085449219,337.6833801269531,80.58814239501953
2025-09-16,237.6969451904297,50.398094177246094,490.989990234375,254.65599060058594,762.3162841796875,421.6199951171875,338.6594543457031,80.5683364868164
2025-09-17,238.5353546142578,51.13426971435547,492.3299865722656,256.1986389160156,757.7506103515625,425.8599853515625,344.8045959472656,81.6473388671875
2025-09-18,237.42745971679688,51.860496520996094,490.5,262.0528259277344,760.5418090820312,416.8500061035156,336.8169250488281,82.65704345703125
2025-09-19,245.032958984375,51.97987365722656,492.8500061035156,263.4372253417969,749.6361083984375,426.07000732421875,340.23309326171875,83.78553009033203
2025-09-22,255.5928192138672,51.65157699584961,493.7099914550781,268.3519592285156,752.5868530273438,434.2099914550781,342.97198486328125,84.30028533935547
2025-09-23,253.9459686279297,51.43272018432617,494.1000061035156,269.2122802734375,744.6417846679688,425.8500061035156,337.3348388671875,83.51825714111328
2025-09-24,251.8300018310547,51.43272018432617,497.0899963378906,264.5546569824219,739.52783203125,442.7900085449219,337.31488037109375,83.2608871459961
2025-09-25,256.3813171386719,51.581939697265625,494.9599914550781,278.3099670410156,712.3532104492188,423.3900146484375,333.58001708984375,83.46876525878906
2025-09-26,254.97401428222656,51.94007873535156,500.0299987792969,281.1480407714844,722.27197265625,440.3999938964844,336.01019287109375,84.15180206298828
2025-09-29,253.9459686279297,52.14899444580078,499.25,276.6882019042969,724.23583984375,443.2099914550781,338.7889404296875,83.79542541503906
2025-09-30,254.14559936523438,51.32328796386719,502.739990234375,279.02197265625,760.611572265625,444.7200012207031,340.0040283203125,82.97380065917969
2025-10-01,254.9640350341797,50.417991638183594,498.20001220703125,283.3038024902344,822.836181640625,459.4599914550781,346.4280090332031,80.05359649658203
2025-10-02,256.6408386230469,50.219024658203125,495.9200134277344,283.53125,817.2836303710938,436.0,344.55560302734375,79.68732452392578
2025-10-03,257.5291442871094,50.378196716308594,498.75,285.16290283203125,837.2410278320312,429.8299865722656,348.429931640625,79.85560607910156
2025-10-06,256.20166015625,50.12948989868164,500.0199890136719,286.20123291015625,842.4047241210938,453.25,347.8721618652344,79.87540435791016
2025-10-07,255.99209594726562,50.030006408691406,502.29998779296875,290.60174560546875,840.9891967773438,433.0899963378906,350.9995422363281,80.32086181640625
2025-10-08,257.569091796875,49.582332611083984,499.8399963378906,286.24078369140625,843.0726318359375,438.69000244140625,349.94378662109375,78.92510223388672
2025-10-09,253.55670166015625,49.5325927734375,496.739990234375,285.02447509765625,852.6724853515625,435.5400085449219,345.6412353515625,79.08348846435547
2025-10-10,244.80340576171875,48.39848709106445,489.1300048828125,274.730224609375,830.8809814453125,413.489990234375,342.2648620605469,76.8364028930664
2025-10-13,247.18885803222656,48.607398986816406,491.92999267578125,274.13690185546875,816.8351440429688,435.8999938964844,341.9162902832031,78.1232681274414
2025-10-14,247.29864501953125,49.8310432434082,495.9700012207031,273.07879638671875,809.80712890625,429.239990234375,346.9757995605469,83.70633697509766
2025-10-15,248.86566162109375,52.00971984863281,496.3900146484375,277.6276550292969,823.982666015625,435.1499938964844,344.2966613769531,85.587158203125
2025-10-16,246.97926330566406,50.179229736328125,488.80999755859375,272.90081787109375,816.8151245117188,428.75,334.048095703125,83.15199279785156
2025-10-17,251.81002807617188,51.014888763427734,492.4200134277344,278.1517639160156,800.3169555664062,439.30999755859375,340.5119934082031,82.43926239013672
2025-10-20,261.7411193847656,51.77096176147461,494.0799865722656,280.4953918457031,806.4277954101562,447.42999267578125,343.0218200683594,85.15159606933594
2025-10-21,262.27008056640625,51.2536506652832,491.2900085449219,278.9131774902344,797.067138671875,442.6000061035156,345.8105163574219,83.9043197631836
2025-10-22,257.9583435058594,50.835819244384766,491.80999755859375,284.3124694824219,809.8869018554688,438.9700012207031,343.9679870605469,83.03319549560547
2025-10-23,259.0861511230469,51.49240493774414,490.1600036621094,281.83038330078125,818.4699096679688,448.9800109863281,344.5655517578125,83.60734558105469
2025-10-24,262.3200378417969,52.298221588134766,492.1000061035156,304.04058837890625,822.8660888671875,433.7200012207031,345.9798583984375,85.53766632080078
2025-10-27,268.2986145019531,52.74589538574219,488.07000732421875,309.60797119140625,823.8230590820312,452.4200134277344,346.4180908203125,86.13160705566406
2025-10-28,268.4882507324219,52.5966682434082,481.44000244140625,309.0937805175781,817.5328369140625,460.54998779296875,345.50177001953125,86.02271270751953
2025-10-29,269.1869201660156,52.308170318603516,475.760009765625,304.7822570800781,810.9834594726562,461.510009765625,339.9044189453125,85.13179779052734
2025-10-30,270.8836669921875,52.75584030151367,478.5199890136719,306.6116943359375,841.8565063476562,440.1000061035156,343.6393127441406,85.12190246582031
2025-10-31,269.85565185546875,53.17367172241211,477.5400085449219,303.99114990234375,860.1589965820312,456.55999755859375,339.3665771484375,86.09201049804688
2025-11-03,268.53814697265625,53.283103942871094,475.67999267578125,301.3409423828125,893.7236938476562,468.3699951171875,335.54205322265625,86.4186782836914
2025-11-04,269.5262756347656,53.263206481933594,487.6600036621094,297.50408935546875,904.0213012695312,444.260009765625,338.9283752441406,86.2503890991211
2025-11-05,269.6260986328125,52.17884063720703,488.7699890136719,303.3582763671875,922.9119873046875,462.07000732421875,338.66943359375,86.07220458984375
2025-11-06,269.25677490234375,53.01449966430664,493.1499938964844,308.9454345703125,934.5055541992188,445.9100036621094,335.6018371582031,85.17140197753906
2025-11-07,267.9592590332031,52.924964904785156,499.05999755859375,302.9726257324219,921.4765014648438,429.5199890136719,334.6656188964844,85.61919403076172
2025-11-10,269.1781311035156,53.14382553100586,496.9800109863281,307.37750244140625,963.6141967773438,445.2300109863281,333.5003662109375,85.67890167236328
2025-11-11,274.99267578125,53.35274124145508,497.07000732421875,311.94146728515625,985.525390625,439.6199951171875,337.553955078125,85.76846313476562
2025-11-12,273.21435546875,53.830257415771484,502.3999938964844,313.1943359375,1014.5941162109375,430.6000061035156,338.1826477050781,85.83811950683594
2025-11-13,272.6948547363281,52.5966682434082,513.1099853515625,303.1316833496094,1019.6681518554688,401.989990234375,335.3883972167969,84.2857437133789
2025-11-14,272.15533447265625,52.3380126953125,508.94000244140625,303.9570007324219,1023.5716552734375,404.3500061035156,329.3408508300781,84.63404083251953
2025-11-17,267.2099609375,51.2138557434082,503.260009765625,295.48529052734375,1019.9976196289062,408.9200134277344,325.07965087890625,83.01200866699219
2025-11-18,267.19000244140625,51.37302780151367,504.3699951171875,288.3062438964844,1028.333740234375,401.25,320.51904296875,83.44985961914062
2025-11-19,268.3089294433594,51.75106430053711,501.260009765625,286.8942565917969,1047.85107421875,403.989990234375,323.4530029296875,83.7483901977539
2025-11-20,266.0010986328125,50.73633575439453,501.1199951171875,288.753662109375,1041.5516357421875,395.2300109863281,323.1037292480469,81.99700164794922
2025-11-21,271.2361755371094,51.29344177246094,504.0400085449219,295.7537536621094,1057.9342041015625,391.0899963378906,327.3050842285156,82.70352935791016
2025-11-24,275.6620788574219,51.661529541015625,507.80999755859375,302.3958740234375,1068.3768310546875,417.7799987792969,328.6223449707031,84.2459487915039
2025-11-25,276.7110900878906,52.208683013916016,508.57000732421875,302.75384521484375,1108.0904541015625,419.3999938964844,333.8415832519531,84.68379211425781
2025-11-26,277.29052734375,52.71604919433594,511.2300109863281,301.49102783203125,1102.4998779296875,426.5799865722656,333.1031188964844,85.14154052734375
2025-11-28,278.5893249511719,53.37263870239258,513.8099975585938,306.8305969238281,1073.677978515625,430.1700134277344,333.75177001953125,85.43012237548828
2025-12-01,282.8353576660156,52.96475601196289,508.54998779296875,303.9371032714844,1056.1273193359375,430.1400146484375,329.7101135253906,84.98233032226562
2025-12-02,285.9224548339844,52.91501235961914,506.6499938964844,300.06915283203125,1044.376953125,429.239990234375,328.9416809082031,85.8978271484375
2025-12-03,283.8843688964844,53.81036376953125,503.6000061035156,300.9043884277344,1031.837890625,446.739990234375,328.93170166015625,88.91300201416016
2025-12-04,280.4375915527344,53.880001068115234,503.2300109863281,306.2439270019531,1012.7996215820312,454.5299987792969,326.4268798828125,89.768798828125
2025-12-05,278.5193786621094,53.95000076293945,504.3399963378906,306.1942443847656,1008.6265869140625,455.0,330.558349609375,89.39066314697266
2025-12-08,277.6302185058594,53.900001525878906,497.2300109863281,307.42718505859375,995.9277954101562,439.5799865722656,326.16741943359375,89.6195297241211
2025-12-09,276.9208679199219,53.540000915527344,491.42999267578125,308.7198486328125,980.5833740234375,445.1700134277344,325.828125,88.45525360107422
2025-12-10,278.5193786621094,54.08000183105469,490.42999267578125,310.8974304199219,991.984375,451.45001220703125,325.0596923828125,90.24645233154297
2025-12-11,277.77008056640625,54.560001373291016,495.8500061035156,308.9783630371094,1007.6981201171875,446.8900146484375,344.91876220703125,92.13715362548828
2025-12-12,278.0198669433594,55.13999938964844,499.5199890136719,307.4868469238281,1025.7979736328125,458.9599914550781,347.11419677734375,92.30632781982422
2025-12-15,273.8537292480469,55.33000183105469,506.3800048828125,306.91015625,1060.4200439453125,475.30999755859375,346.1761779785156,92.44564819335938
2025-12-16,274.353271484375,54.810001373291016,499.8399963378906,301.4612121582031,1052.5333251953125,489.8800048828125,344.3998107910156,91.73912048339844
2025-12-17,271.58587646484375,54.54999923706055,504.2699890136719,301.6004333496094,1040.05419921875,467.260009765625,343.7012634277344,92.13715362548828
2025-12-18,271.935546875,54.2599983215332,503.3900146484375,298.7467041015625,1055.1190185546875,483.3699951171875,345.2979736328125,91.0325927734375
2025-12-19,273.4141845703125,55.27000045776367,494.5299987792969,299.2737121582031,1069.6546630859375,481.20001220703125,348.5312805175781,92.55510711669922
2025-12-22,270.7166748046875,55.880001068115234,499.95001220703125,301.07342529296875,1074.686279296875,488.7300109863281,351.3654479980469,93.81889343261719
2025-12-23,272.1053771972656,55.970001220703125,500.510009765625,302.0578308105469,1069.8543701171875,485.55999755859375,352.6528015136719,94.00796508789062
2025-12-24,273.55401611328125,56.25,501.3399963378906,302.8334045410156,1075.1854248046875,485.3999938964844,354.4091796875,94.83390808105469
2025-12-26,273.1444091796875,56.16999816894531,498.29998779296875,303.3603820800781,1075.9542236328125,475.19000244140625,354.26947021484375,94.79410552978516
2025-12-29,273.50408935546875,55.349998474121094,501.04998779296875,304.0066833496094,1076.9324951171875,459.6400146484375,353.8802490234375,94.0577163696289
2025-12-30,272.82470703125,55.279998779296875,503.7099914550781,300.3376159667969,1077.950927734375,454.42999267578125,352.8923034667969,93.84874725341797
2025-12-31,271.6058349609375,55.0,502.6499938964844,294.5307312011719,1072.889404296875,449.7200012207031,349.98828125,92.74417114257812
2026-01-02,270.75665283203125,55.95000076293945,496.8500061035156,289.8474426269531,1078.559814453125,438.07000732421875,345.7669982910156,94.73439025878906
2026-01-05,267.0101623535156,56.88999938964844,498.5199890136719,293.2977600097656,1039.7745361328125,451.6700134277344,353.0719299316406,95.90862274169922
2026-01-06,262.1147155761719,57.25,499.04998779296875,300.7552490234375,1062.26708984375,432.9599914550781,356.8241882324219,95.91857147216797
2026-01-07,260.08660888671875,55.63999938964844,496.1199951171875,295.04779052734375,1106.24365234375,431.4100036621094,355.14764404296875,93.82884979248047
2026-01-08,258.7978515625,56.18000030517578,499.7699890136719,301.0038146972656,1083.3817138671875,435.79998779296875,351.50518798828125,95.13243865966797
2026-01-09,259.1275329589844,55.849998474121094,499.1000061035156,302.4953308105469,1061.7879638671875,445.010009765625,349.0502014160156,95.48072814941406
2026-01-12,260.0067138671875,55.189998626708984,498.6700134277344,310.4101867675781,1079.19873046875,448.9599914550781,342.4937438964844,94.49556732177734
2026-01-13,260.8059387207031,54.540000915527344,495.239990234375,301.44134521484375,1075.39501953125,447.20001220703125,327.2052917480469,93.1024169921875
2026-01-14,259.71697998046875,52.47999954223633,493.1499938964844,307.2780456542969,1071.501708984375,439.20001220703125,328.4926452636719,88.8134994506836
2026-01-15,257.9685974121094,52.59000015258789,492.6199951171875,296.2608947753906,1031.248779296875,438.57000732421875,327.0755310058594,88.52490997314453
2026-01-16,255.29112243652344,52.970001220703125,493.2900085449219,303.9371032714844,1036.6697998046875,437.5,327.6243896484375,87.94774627685547
2026-01-20,246.46937561035156,52.099998474121094,485.3900146484375,289.69830322265625,1039.554931640625,419.25,325.1495056152344,86.23616790771484
2026-01-21,247.41848754882812,52.06999969482422,483.8299865722656,295.85321044921875,1076.722900390625,431.44000244140625,324.6106262207031,85.69880676269531
2026-01-22,248.1178436279297,52.45000076293945,484.489990234375,292.9994812011719,1085.568115234375,449.3599853515625,325.6883850097656,87.60941314697266
2026-01-23,247.80812072753906,51.720001220703125,478.9700012207031,290.7821044921875,1062.5167236328125,449.05999755859375,325.5087585449219,86.53469848632812
2026-01-26,255.17123413085938,52.02000045776367,483.4700012207031,294.6500244140625,1060.979248046875,435.20001220703125,327.8139953613281,87.61936950683594
2026-01-27,258.0285339355469,52.16999816894531,474.6700134277344,292.19403076171875,1037.7779541015625,430.8999938964844,324.5906677246094,88.27613830566406
2026-01-28,256.2002868652344,51.810001373291016,473.489990234375,292.49237060546875,1022.0940551757812,431.4599914550781,326.30712890625,87.5994644165039
2026-01-29,258.0385437011719,53.08000183105469,476.7900085449219,307.4868469238281,1022.4335327148438,416.55999755859375,331.1171875,90.19670104980469
2026-01-30,259.2374267578125,53.20000076293945,480.5299987792969,304.9612731933594,1035.421875,430.4100036621094,321.1676940917969,90.04743194580078
2026-02-02,269.7575988769531,54.029998779296875,487.2900085449219,312.94573974609375,1042.3902587890625,421.80999755859375,333.15301513671875,91.8187255859375
2026-02-03,269.22808837890625,54.45000076293945,493.739990234375,292.6415100097656,1001.7880249023438,421.9599914550781,328.25311279296875,91.85852813720703
2026-02-04,276.23150634765625,55.380001068115234,503.8299865722656,287.41131591796875,1105.2752685546875,406.010009765625,329.2710266113281,92.6844711303711
2026-02-05,275.6520690917969,54.939998626708984,503.8900146484375,288.24658203125,1019.1390380859375,397.2099914550781,328.45269775390625,91.55999755859375
2026-02-06,277.8599853515625,56.529998779296875,508.0899963378906,297.23529052734375,1056.4168701171875,411.1099853515625,330.89764404296875,93.97000122070312
2026-02-09,274.6199951171875,56.40999984741211,498.0799865722656,294.6600036621094,1042.9293212890625,417.32000732421875,324.9100036621094,94.61000061035156
2026-02-10,273.67999267578125,55.38999938964844,500.29998779296875,291.760009765625,1023.2921142578125,425.2099914550781,328.1700134277344,91.91000366210938
2026-02-11,275.5,53.849998474121094,500.0199890136719,272.80999755859375,1013.5184326171875,428.2699890136719,329.239990234375,88.94999694824219
2026-02-12,261.7300109863281,52.52000045776367,500.010009765625,259.5199890136719,1036.5400390625,417.07000732421875,324.17999267578125,86.29000091552734
2026-02-13,255.77999877929688,52.54999923706055,497.54998779296875,262.3800048828125,1040.0,417.44000244140625,314.0799865722656,86.9800033569336
2026-02-17,263.8800048828125,52.7400016784668,503.4100036621094,258.30999755859375,1036.050048828125,410.6300048828125,319.5,87.4000015258789
2026-02-18,264.3500061035156,53.36000061035156,499.07000732421875,260.7900085449219,1020.5599975585938,411.32000732421875,320.29998779296875,88.55999755859375
2026-02-19,260.5799865722656,52.77000045776367,496.94000244140625,256.2799987792969,1023.219970703125,411.7099914550781,318.92999267578125,87.56999969482422
2026-02-20,264.5799865722656,53.060001373291016,498.20001220703125,257.1600036621094,1009.52001953125,411.82000732421875,320.95001220703125,88.69999694824219
2026-02-23,266.17999267578125,51.06999969482422,494.0899963378906,223.35000610351562,1058.56005859375,399.8299865722656,306.5199890136719,85.1500015258789
2026-02-24,272.1400146484375,50.40999984741211,494.510009765625,229.32000732421875,1042.1500244140625,409.3800048828125,307.2200012207031,84.56999969482422
2026-02-25,274.2300109863281,51.689998626708984,493.989990234375,237.5399932861328,1028.8299560546875,417.3999938964844,312.989990234375,86.76000213623047
2026-02-26,272.95001220703125,52.29999923706055,502.6700134277344,242.00999450683594,1022.02001953125,408.5799865722656,316.70001220703125,86.30000305175781
2026-02-27,264.17999267578125,49.83000183105469,504.95001220703125,240.2100067138672,1051.989990234375,402.510009765625,320.1400146484375,81.44999694824219
2026-03-02,264.7200012207031,49.810001373291016,480.1700134277344,239.3699951171875,1017.969970703125,403.32000732421875,320.510009765625,82.58000183105469
2026-03-03,263.75,49.970001220703125,481.3599853515625,245.27999877929688,1007.72998046875,392.42999267578125,320.8299865722656,82.52999877929688
